numero_processo,data_ajuizamento,tribunal,grau,nivel_sigilo,classe_codigo,classe_nome,orgao_julgador_codigo,orgao_julgador_nome,municipio_ibge,assuntos_nomes,duracao_processo_dias
03067151820178240075,2017-12-01T14:15:53.000Z,TJSC,G1,0,30,Arrolamento Comum,8280,"Vara da Família, Órfãos, Infância e Juventude da Comarca de Tubarão",4218707,Inventário e Partilha,825
00044981720138240075,2013-04-24T00:00:00.000Z,TJSC,G1,0,39,Inventário,8280,"Vara da Família, Órfãos, Infância e Juventude da Comarca de Tubarão",4218707,Inventário e Partilha,2777
03054663720148240075,2014-10-20T11:39:06.000Z,TJSC,G1,0,39,Inventário,8280,"Vara da Família, Órfãos, Infância e Juventude da Comarca de Tubarão",4218707,Inventário e Partilha,1986
50025004020248240075,2024-03-04T18:40:21.000Z,TJSC,G1,0,39,Inventário,8280,"Vara da Família, Órfãos, Infância e Juventude da Comarca de Tubarão",4218707,Inventário e Partilha,415
03018329620158240075,2015-04-24T15:21:39.000Z,TJSC,G1,0,39,Inventário,8280,"Vara da Família, Órfãos, Infância e Juventude da Comarca de Tubarão",4218707,Inventário e Partilha,3601
50088720520248240075,2024-07-03T16:40:34.000Z,TJSC,G1,0,37,Embargos de Terceiro Cível,8280,"Vara da Família, Órfãos, Infância e Juventude da Comarca de Tubarão",4218707,"Defeito, nulidade ou anulação",327
03026978520168240075,2016-05-20T18:07:10.000Z,TJSC,G1,0,39,Inventário,8280,"Vara da Família, Órfãos, Infância e Juventude da Comarca de Tubarão",4218707,Inventário e Partilha|DIREITO CIVIL,3300
50163359520248240075,2024-11-21T16:58:07.000Z,TJSC,G1,0,7,Procedimento Comum Cível,8280,"Vara da Família, Órfãos, Infância e Juventude da Comarca de Tubarão",4218707,Registrado na ANVISA,197
50076028220208240075,2020-07-28T21:39:52.000Z,TJSC,G1,0,7,Procedimento Comum Cível,8280,"Vara da Família, Órfãos, Infância e Juventude da Comarca de Tubarão",4218707,Reconhecimento / Dissolução,674
50116305420248240075,2024-08-26T13:33:53.000Z,TJSC,G1,0,156,Cumprimento de sentença,8280,"Vara da Família, Órfãos, Infância e Juventude da Comarca de Tubarão",4218707,Casamento|Sucumbenciais |Expropriação de Bens,271
50008084020238240075,2023-01-24T10:31:46.000Z,TJSC,G1,0,39,Inventário,8280,"Vara da Família, Órfãos, Infância e Juventude da Comarca de Tubarão",4218707,Inventário e Partilha,246
50107567420218240075,2021-09-08T18:08:19.000Z,TJSC,G1,0,45,Ação de Exigir Contas,8280,"Vara da Família, Órfãos, Infância e Juventude da Comarca de Tubarão",4218707,Curatela,769
00052722820058240075,2005-06-07T00:00:00.000Z,TJSC,G1,0,39,Inventário,8280,"Vara da Família, Órfãos, Infância e Juventude da Comarca de Tubarão",4218707,Inventário e Partilha,7305
50088793620208240075,2020-08-31T14:50:10.000Z,TJSC,G1,0,39,Inventário,8280,"Vara da Família, Órfãos, Infância e Juventude da Comarca de Tubarão",4218707,Inventário e Partilha,1744
50106042120248240075,2024-08-06T17:01:09.000Z,TJSC,G1,0,39,Inventário,8280,"Vara da Família, Órfãos, Infância e Juventude da Comarca de Tubarão",4218707,Inventário e Partilha,306
50139741320218240075,2021-11-22T20:43:08.000Z,TJSC,G1,0,39,Inventário,8280,"Vara da Família, Órfãos, Infância e Juventude da Comarca de Tubarão",4218707,Inventário e Partilha,577
50079757920218240075,2021-07-09T13:43:18.000Z,TJSC,G1,0,30,Arrolamento Comum,8280,"Vara da Família, Órfãos, Infância e Juventude da Comarca de Tubarão",4218707,Inventário e Partilha|Petição de Herança,495
50010498220218240075,2021-02-03T10:00:40.000Z,TJSC,G1,0,39,Inventário,8280,"Vara da Família, Órfãos, Infância e Juventude da Comarca de Tubarão",4218707,Inventário e Partilha,503
50083516020248240075,2024-06-25T17:34:31.000Z,TJSC,G1,0,156,Cumprimento de sentença,8280,"Vara da Família, Órfãos, Infância e Juventude da Comarca de Tubarão",4218707,Relações de Parentesco|Expropriação de Bens,349
50100710420208240075,2020-09-30T11:12:34.000Z,TJSC,JE,0,157,Cumprimento Provisório de Sentença,8280,"Vara da Família, Órfãos, Infância e Juventude da Comarca de Tubarão",4218707,Espécies de Títulos de Crédito|Sucumbência ,201
00039067020138240075,2013-04-11T00:00:00.000Z,TJSC,G1,0,39,Inventário,8280,"Vara da Família, Órfãos, Infância e Juventude da Comarca de Tubarão",4218707,Inventário e Partilha,4380
50000047720208240075,2020-01-02T14:58:10.000Z,TJSC,G1,0,74,Alvará Judicial - Lei 6858/80,8280,"Vara da Família, Órfãos, Infância e Juventude da Comarca de Tubarão",4218707,Capacidade,142
50066264120218240075,2021-06-01T13:35:16.000Z,TJSC,G1,0,39,Inventário,8280,"Vara da Família, Órfãos, Infância e Juventude da Comarca de Tubarão",4218707,Inventário e Partilha,1427
50032669320248240075,2024-03-18T17:56:38.000Z,TJSC,G1,0,39,Inventário,8280,"Vara da Família, Órfãos, Infância e Juventude da Comarca de Tubarão",4218707,Inventário e Partilha,407
50064107520248240075,2024-05-17T18:19:29.000Z,TJSC,G1,0,39,Inventário,8280,"Vara da Família, Órfãos, Infância e Juventude da Comarca de Tubarão",4218707,Inventário e Partilha,291
50049906920238240075,2023-03-27T12:08:04.000Z,TJSC,G1,0,1706,Procedimento Comum Infância e Juventude,8280,"Vara da Família, Órfãos, Infância e Juventude da Comarca de Tubarão",4218707,Entidades de atendimento,618
00077738120078240075,2007-07-20T00:00:00.000Z,TJSC,G1,0,48,Sobrepartilha,8280,"Vara da Família, Órfãos, Infância e Juventude da Comarca de Tubarão",4218707,DIREITO CIVIL,5183
50011569220228240075,2022-02-07T19:12:32.000Z,TJSC,G1,0,39,Inventário,8280,"Vara da Família, Órfãos, Infância e Juventude da Comarca de Tubarão",4218707,Inventário e Partilha,569
50039202220208240075,2020-04-22T17:48:44.000Z,TJSC,G1,0,39,Inventário,8280,"Vara da Família, Órfãos, Infância e Juventude da Comarca de Tubarão",4218707,Inventário e Partilha,1282
50157499220238240075,2023-10-23T07:53:49.000Z,TJSC,G1,0,156,Cumprimento de sentença,8280,"Vara da Família, Órfãos, Infância e Juventude da Comarca de Tubarão",4218707,Direitos da Personalidade |Sucumbenciais ,239
50162955020238240075,2023-11-03T13:54:35.000Z,TJSC,G1,0,12371,Alteração de Regime de Bens,8280,"Vara da Família, Órfãos, Infância e Juventude da Comarca de Tubarão",4218707,Regime de Bens Entre os Cônjuges,174
50185069320228240075,2022-12-22T09:34:44.000Z,TJSC,G1,0,1294,Outros procedimentos de jurisdição voluntária,8280,"Vara da Família, Órfãos, Infância e Juventude da Comarca de Tubarão",4218707,Capacidade,447
50184710220238240075,2023-12-19T18:30:02.000Z,TJSC,G1,0,1691,Mandado de Segurança Infância e Juventude Cível,8280,"Vara da Família, Órfãos, Infância e Juventude da Comarca de Tubarão",4218707,Currículo Escolar,98
50171061020238240075,2023-11-22T14:13:23.000Z,TJSC,G1,0,261,Carta Precatória Cível,8280,"Vara da Família, Órfãos, Infância e Juventude da Comarca de Tubarão",4218707,Citação|Tutela,130
50053969520208240075,2020-06-04T16:58:44.000Z,TJSC,G1,0,39,Inventário,8280,"Vara da Família, Órfãos, Infância e Juventude da Comarca de Tubarão",4218707,Inventário e Partilha,318
50065115420208240075,2020-07-02T16:41:47.000Z,TJSC,G1,0,156,Cumprimento de sentença,8280,"Vara da Família, Órfãos, Infância e Juventude da Comarca de Tubarão",4218707,Adimplemento e Extinção|Honorários Advocatícios em Execução Contra a Fazenda Pública,239
50134695620208240075,2020-12-18T18:34:52.000Z,TJSC,G1,0,39,Inventário,8280,"Vara da Família, Órfãos, Infância e Juventude da Comarca de Tubarão",4218707,Inventário e Partilha,509
50039961220218240075,2021-04-14T11:17:36.000Z,TJSC,JE,0,156,Cumprimento de sentença,8280,"Vara da Família, Órfãos, Infância e Juventude da Comarca de Tubarão",4218707,Inadimplemento|Sucumbenciais ,294
50079852620218240075,2021-07-09T14:40:08.000Z,TJSC,G1,0,111,Habilitação de Crédito,8280,"Vara da Família, Órfãos, Infância e Juventude da Comarca de Tubarão",4218707,Inadimplemento,161
50013664620228240075,2022-02-11T15:20:38.000Z,TJSC,G1,0,74,Alvará Judicial - Lei 6858/80,8280,"Vara da Família, Órfãos, Infância e Juventude da Comarca de Tubarão",4218707,Inventário e Partilha,112
50123506020208240075,2020-11-25T00:06:20.000Z,TJSC,G1,0,39,Inventário,8280,"Vara da Família, Órfãos, Infância e Juventude da Comarca de Tubarão",4218707,Inventário e Partilha,806
50125283820228240075,2022-10-11T15:27:15.000Z,TJSC,JE,0,156,Cumprimento de sentença,8280,"Vara da Família, Órfãos, Infância e Juventude da Comarca de Tubarão",4218707,Tratamento Domiciliar (Home Care)|Honorários Advocatícios em Execução Contra a Fazenda Pública,265
50030403020208240075,2020-03-24T17:16:18.000Z,TJSC,G1,0,39,Inventário,8280,"Vara da Família, Órfãos, Infância e Juventude da Comarca de Tubarão",4218707,Inventário e Partilha,441
03059444020178240075,2017-10-20T14:27:24.000Z,TJSC,G1,0,39,Inventário,8280,"Vara da Família, Órfãos, Infância e Juventude da Comarca de Tubarão",4218707,Inventário e Partilha,826
03048407620188240075,2018-09-19T16:18:41.000Z,TJSC,G1,0,112,Homologação de Transação Extrajudicial,8280,"Vara da Família, Órfãos, Infância e Juventude da Comarca de Tubarão",4218707,Adimplemento e Extinção,672
03047593020188240075,2018-09-16T18:53:15.000Z,TJSC,G1,0,39,Inventário,8280,"Vara da Família, Órfãos, Infância e Juventude da Comarca de Tubarão",4218707,Inventário e Partilha,665
50065115420208240075,2019-02-08T14:07:53.000Z,TJSC,G1,0,156,Cumprimento de sentença,8280,"Vara da Família, Órfãos, Infância e Juventude da Comarca de Tubarão",4218707,Adimplemento e Extinção|Honorários Advocatícios em Execução Contra a Fazenda Pública,239
50024464020258240075,2025-02-25T22:36:32.000Z,TJSC,G1,0,7,Procedimento Comum Cível,8280,"Vara da Família, Órfãos, Infância e Juventude da Comarca de Tubarão",4218707,Tratamento médico-hospitalar,104
50049614820258240075,2025-04-17T10:41:06.000Z,TJSC,G1,0,37,Embargos de Terceiro Cível,8280,"Vara da Família, Órfãos, Infância e Juventude da Comarca de Tubarão",4218707,Cédula de Crédito Bancário,13
50016270620258240075,2025-02-10T17:46:12.000Z,TJSC,G1,0,12763,Reconhecimento e Extinção de União Estável,8280,"Vara da Família, Órfãos, Infância e Juventude da Comarca de Tubarão",4218707,União Estável ou Concubinato,79
50163402020248240075,2024-11-21T17:30:53.000Z,TJSC,G1,0,7,Procedimento Comum Cível,8280,"Vara da Família, Órfãos, Infância e Juventude da Comarca de Tubarão",4218707,Cirurgia,196
50034597420258240075,2025-03-19T17:08:33.000Z,TJSC,G1,0,7,Procedimento Comum Cível,8280,"Vara da Família, Órfãos, Infância e Juventude da Comarca de Tubarão",4218707,Registrado na ANVISA,79
50053321220258240075,2025-04-28T13:47:02.000Z,TJSC,G1,0,7,Procedimento Comum Cível,8280,"Vara da Família, Órfãos, Infância e Juventude da Comarca de Tubarão",4218707,Cirurgia,30
00085524620018240075,2001-11-01T00:00:00.000Z,TJSC,G1,0,39,Inventário,8280,"Vara da Família, Órfãos, Infância e Juventude da Comarca de Tubarão",4218707,Inventário e Partilha,8611
50002905020238240075,2023-01-12T09:43:57.000Z,TJSC,G1,0,39,Inventário,8280,"Vara da Família, Órfãos, Infância e Juventude da Comarca de Tubarão",4218707,Inventário e Partilha,785
50078521320238240075,2023-05-23T17:53:03.000Z,TJSC,G1,0,156,Cumprimento de sentença,8280,"Vara da Família, Órfãos, Infância e Juventude da Comarca de Tubarão",4218707,Prestação de Serviços,113
50071417120248240075,2024-06-03T17:13:18.000Z,TJSC,G1,0,156,Cumprimento de sentença,8280,"Vara da Família, Órfãos, Infância e Juventude da Comarca de Tubarão",4218707,Casamento|Expropriação de Bens,374
50110883620248240075,2024-08-15T08:05:05.000Z,TJSC,G1,0,156,Cumprimento de sentença,8280,"Vara da Família, Órfãos, Infância e Juventude da Comarca de Tubarão",4218707,Inadimplemento|Sucumbenciais |Expropriação de Bens,160
50107641720228240075,2022-09-02T15:37:26.000Z,TJSC,G1,0,74,Alvará Judicial - Lei 6858/80,8280,"Vara da Família, Órfãos, Infância e Juventude da Comarca de Tubarão",4218707,Administração de herança,384
50051598520258240075,2025-04-24T09:51:41.000Z,TJSC,G1,0,7,Procedimento Comum Cível,8280,"Vara da Família, Órfãos, Infância e Juventude da Comarca de Tubarão",4218707,Relações de Parentesco,49
50084399820248240075,2024-06-26T18:10:19.000Z,TJSC,G1,0,7,Procedimento Comum Cível,8280,"Vara da Família, Órfãos, Infância e Juventude da Comarca de Tubarão",4218707,Registrado na ANVISA,321
50014423620238240075,2023-02-06T14:53:16.000Z,TJSC,G1,0,156,Cumprimento de sentença,8280,"Vara da Família, Órfãos, Infância e Juventude da Comarca de Tubarão",4218707,Indenização por Dano Material|Sucumbenciais |Expropriação de Bens,842
50025321120258240075,2025-02-27T11:58:15.000Z,TJSC,G1,0,7,Procedimento Comum Cível,8280,"Vara da Família, Órfãos, Infância e Juventude da Comarca de Tubarão",4218707,Tratamento médico-hospitalar|Obrigação de Fazer / Não Fazer,104
50105659220228240075,2022-08-29T18:05:04.000Z,TJSC,G1,0,74,Alvará Judicial - Lei 6858/80,8280,"Vara da Família, Órfãos, Infância e Juventude da Comarca de Tubarão",4218707,Administração de herança,447
50024767520258240075,2025-02-26T14:50:01.000Z,TJSC,G1,0,7,Procedimento Comum Cível,8280,"Vara da Família, Órfãos, Infância e Juventude da Comarca de Tubarão",4218707,Fornecimento de medicamentos|Não padronizado,98
50081524320218240075,2021-07-13T22:59:52.000Z,TJSC,G1,0,39,Inventário,8280,"Vara da Família, Órfãos, Infância e Juventude da Comarca de Tubarão",4218707,Inventário e Partilha,492
50083573820228240075,2022-07-11T16:17:48.000Z,TJSC,G1,0,74,Alvará Judicial - Lei 6858/80,8280,"Vara da Família, Órfãos, Infância e Juventude da Comarca de Tubarão",4218707,Inventário e Partilha,483
50038339520228240075,2022-04-04T21:32:49.000Z,TJSC,G1,0,156,Cumprimento de sentença,8280,"Vara da Família, Órfãos, Infância e Juventude da Comarca de Tubarão",4218707,Inadimplemento|Expropriação de Bens,539
50047123420248240075,2024-04-15T15:26:21.000Z,TJSC,G1,0,7,Procedimento Comum Cível,8280,"Vara da Família, Órfãos, Infância e Juventude da Comarca de Tubarão",4218707,Registrado na ANVISA,393
50032268720198240075,2019-10-18T17:05:10.000Z,TJSC,G1,0,74,Alvará Judicial - Lei 6858/80,8280,"Vara da Família, Órfãos, Infância e Juventude da Comarca de Tubarão",4218707,Administração de herança,374
03017866820198240075,2019-04-12T12:21:31.000Z,TJSC,G1,0,74,Alvará Judicial - Lei 6858/80,8280,"Vara da Família, Órfãos, Infância e Juventude da Comarca de Tubarão",4218707,Levantamento de Valor,1096
50076028220208240075,2020-07-28T21:39:52.000Z,TJSC,G1,0,7,Procedimento Comum Cível,8280,"Vara da Família, Órfãos, Infância e Juventude da Comarca de Tubarão",4218707,Reconhecimento / Dissolução,674
50010498220218240075,2021-02-03T10:00:40.000Z,TJSC,G1,0,39,Inventário,8280,"Vara da Família, Órfãos, Infância e Juventude da Comarca de Tubarão",4218707,Inventário e Partilha,503
50012897120218240075,2021-02-09T15:44:35.000Z,TJSC,G1,0,74,Alvará Judicial - Lei 6858/80,8280,"Vara da Família, Órfãos, Infância e Juventude da Comarca de Tubarão",4218707,Administração de herança,215
50092437120218240075,2021-08-04T16:05:32.000Z,TJSC,G1,0,39,Inventário,8280,"Vara da Família, Órfãos, Infância e Juventude da Comarca de Tubarão",4218707,Inventário e Partilha,288
50096091320218240075,2021-08-12T17:44:07.000Z,TJSC,G1,0,7,Procedimento Comum Cível,8280,"Vara da Família, Órfãos, Infância e Juventude da Comarca de Tubarão",4218707,Capacidade,346
50038446120218240075,2021-04-11T21:39:06.000Z,TJSC,G1,0,39,Inventário,8280,"Vara da Família, Órfãos, Infância e Juventude da Comarca de Tubarão",4218707,Inventário e Partilha,515
50114261520218240075,2021-09-23T17:29:24.000Z,TJSC,G1,0,156,Cumprimento de sentença,8280,"Vara da Família, Órfãos, Infância e Juventude da Comarca de Tubarão",4218707,Espécies de Títulos de Crédito|Honorários Advocatícios em FGTS ,371
50057306120228240075,2022-05-16T13:42:43.000Z,TJSC,G1,0,74,Alvará Judicial - Lei 6858/80,8280,"Vara da Família, Órfãos, Infância e Juventude da Comarca de Tubarão",4218707,Capacidade,136
50071767020208240075,2020-07-17T14:46:11.000Z,TJSC,G1,0,39,Inventário,8280,"Vara da Família, Órfãos, Infância e Juventude da Comarca de Tubarão",4218707,Inventário e Partilha,950
50034822520228240075,2022-03-29T15:21:34.000Z,TJSC,G1,0,39,Inventário,8280,"Vara da Família, Órfãos, Infância e Juventude da Comarca de Tubarão",4218707,Inventário e Partilha,337
50175507720228240075,2022-12-02T10:10:31.000Z,TJSC,G1,0,74,Alvará Judicial - Lei 6858/80,8280,"Vara da Família, Órfãos, Infância e Juventude da Comarca de Tubarão",4218707,Administração de herança,132
50095136120228240075,2022-08-03T15:47:01.000Z,TJSC,G1,0,74,Alvará Judicial - Lei 6858/80,8280,"Vara da Família, Órfãos, Infância e Juventude da Comarca de Tubarão",4218707,Capacidade,324
03047844320188240075,2018-09-17T18:08:50.000Z,TJSC,G1,0,39,Inventário,8280,"Vara da Família, Órfãos, Infância e Juventude da Comarca de Tubarão",4218707,Inventário e Partilha,1770
50090947520218240075,2021-07-30T21:40:16.000Z,TJSC,G1,0,39,Inventário,8280,"Vara da Família, Órfãos, Infância e Juventude da Comarca de Tubarão",4218707,Inventário e Partilha,730
50107641720228240075,2022-09-02T15:37:26.000Z,TJSC,G1,0,74,Alvará Judicial - Lei 6858/80,8280,"Vara da Família, Órfãos, Infância e Juventude da Comarca de Tubarão",4218707,Administração de herança,384
50010301320208240075,2020-01-30T17:35:46.000Z,TJSC,G1,0,39,Inventário,8280,"Vara da Família, Órfãos, Infância e Juventude da Comarca de Tubarão",4218707,Inventário e Partilha,1398
50004472320238240075,2023-01-16T16:45:32.000Z,TJSC,G1,0,1294,Outros procedimentos de jurisdição voluntária,8280,"Vara da Família, Órfãos, Infância e Juventude da Comarca de Tubarão",4218707,Administração de herança,356
50038240720208240075,2020-04-20T12:27:55.000Z,TJSC,G1,0,39,Inventário,8280,"Vara da Família, Órfãos, Infância e Juventude da Comarca de Tubarão",4218707,Inventário e Partilha,1430
00000069519848240075,1984-11-12T00:00:00.000Z,TJSC,G1,0,39,Inventário,8280,"Vara da Família, Órfãos, Infância e Juventude da Comarca de Tubarão",4218707,Inventário e Partilha,13524
00090132319988240075,1998-10-29T00:00:00.000Z,TJSC,G1,0,39,Inventário,8280,"Vara da Família, Órfãos, Infância e Juventude da Comarca de Tubarão",4218707,Inventário e Partilha,8367
00043457219998240075,1999-04-08T00:00:00.000Z,TJSC,G1,0,172,Embargos à Execução,8280,"Vara da Família, Órfãos, Infância e Juventude da Comarca de Tubarão",4218707,DIREITO CIVIL,8469
50084157020248240075,2024-06-26T16:21:01.000Z,TJSC,G1,0,1706,Procedimento Comum Infância e Juventude,8280,"Vara da Família, Órfãos, Infância e Juventude da Comarca de Tubarão",4218707,Registrado na ANVISA,152
50184693220238240075,2023-12-19T18:25:52.000Z,TJSC,G1,0,58,Interdição/Curatela,8280,"Vara da Família, Órfãos, Infância e Juventude da Comarca de Tubarão",4218707,Capacidade,455
00040269420058240075,2005-05-04T00:00:00.000Z,TJSC,G1,0,1294,Outros procedimentos de jurisdição voluntária,8280,"Vara da Família, Órfãos, Infância e Juventude da Comarca de Tubarão",4218707,DIREITO CIVIL,7307
50055824520258240075,2025-05-02T11:49:42.000Z,TJSC,G1,0,7,Procedimento Comum Cível,8280,"Vara da Família, Órfãos, Infância e Juventude da Comarca de Tubarão",4218707,Tratamento médico-hospitalar,33
00024477720068240075,2006-03-08T00:00:00.000Z,TJSC,G1,0,39,Inventário,8280,"Vara da Família, Órfãos, Infância e Juventude da Comarca de Tubarão",4218707,Inventário e Partilha|DIREITO CIVIL,7000
50095770820218240075,2021-08-12T13:04:22.000Z,TJSC,G1,0,111,Habilitação de Crédito,8280,"Vara da Família, Órfãos, Infância e Juventude da Comarca de Tubarão",4218707,Inadimplemento,295
50047403620238240075,2023-03-21T18:20:58.000Z,TJSC,G1,0,39,Inventário,8280,"Vara da Família, Órfãos, Infância e Juventude da Comarca de Tubarão",4218707,Inventário e Partilha,725
50047660520218240075,2021-05-03T11:15:39.000Z,TJSC,G1,0,39,Inventário,8280,"Vara da Família, Órfãos, Infância e Juventude da Comarca de Tubarão",4218707,Inventário e Partilha,1455
03057284520188240075,2018-11-06T15:26:10.000Z,TJSC,G1,0,39,Inventário,8280,"Vara da Família, Órfãos, Infância e Juventude da Comarca de Tubarão",4218707,Inventário e Partilha,504
03047674120178240075,2017-08-18T14:40:26.000Z,TJSC,G1,0,39,Inventário,8280,"Vara da Família, Órfãos, Infância e Juventude da Comarca de Tubarão",4218707,Inventário e Partilha,951
03056517020178240075,2017-10-04T19:28:16.000Z,TJSC,G1,0,156,Cumprimento de sentença,8280,"Vara da Família, Órfãos, Infância e Juventude da Comarca de Tubarão",4218707,Sucumbenciais ,1053
03021711620198240075,2019-04-29T17:05:52.000Z,TJSC,G1,0,39,Inventário,8280,"Vara da Família, Órfãos, Infância e Juventude da Comarca de Tubarão",4218707,Inventário e Partilha,2135
50010301320208240075,2020-01-30T17:35:46.000Z,TJSC,G1,0,39,Inventário,8280,"Vara da Família, Órfãos, Infância e Juventude da Comarca de Tubarão",4218707,Inventário e Partilha,1398
03061727820188240075,2018-11-29T17:00:11.000Z,TJSC,G1,0,39,Inventário,8280,"Vara da Família, Órfãos, Infância e Juventude da Comarca de Tubarão",4218707,Inventário e Partilha,2378
50133598620228240075,2022-10-27T16:39:59.000Z,TJSC,G1,0,74,Alvará Judicial - Lei 6858/80,8280,"Vara da Família, Órfãos, Infância e Juventude da Comarca de Tubarão",4218707,Inventário e Partilha|Levantamento de Valor,377
50069904220238240075,2023-05-05T18:15:43.000Z,TJSC,G1,0,1294,Outros procedimentos de jurisdição voluntária,8280,"Vara da Família, Órfãos, Infância e Juventude da Comarca de Tubarão",4218707,Internação voluntária|Capacidade,81
50169906720248240075,2024-12-04T18:08:45.000Z,TJSC,G1,0,7,Procedimento Comum Cível,8280,"Vara da Família, Órfãos, Infância e Juventude da Comarca de Tubarão",4218707,Oncológico,187
50093687320208240075,2020-09-10T18:26:27.000Z,TJSC,G1,0,39,Inventário,8280,"Vara da Família, Órfãos, Infância e Juventude da Comarca de Tubarão",4218707,Inventário e Partilha,616
50120843420248240075,2024-09-02T14:12:37.000Z,TJSC,G1,0,156,Cumprimento de sentença,8280,"Vara da Família, Órfãos, Infância e Juventude da Comarca de Tubarão",4218707,Expropriação de Bens|Partilha|Sucumbência ,130
03047844320188240075,2018-09-17T18:08:50.000Z,TJSC,G1,0,39,Inventário,8280,"Vara da Família, Órfãos, Infância e Juventude da Comarca de Tubarão",4218707,Inventário e Partilha,1770
50144366220248240075,2024-10-15T14:28:20.000Z,TJSC,G1,0,156,Cumprimento de sentença,8280,"Vara da Família, Órfãos, Infância e Juventude da Comarca de Tubarão",4218707,Inadimplemento|Sucumbenciais |Expropriação de Bens,187
50125283820228240075,2022-10-11T15:27:15.000Z,TJSC,JE,0,156,Cumprimento de sentença,8280,"Vara da Família, Órfãos, Infância e Juventude da Comarca de Tubarão",4218707,Tratamento Domiciliar (Home Care)|Honorários Advocatícios em Execução Contra a Fazenda Pública,265
50079271820248240075,2024-06-18T16:36:41.000Z,TJSC,G1,0,12541,Divórcio Litigioso,8280,"Vara da Família, Órfãos, Infância e Juventude da Comarca de Tubarão",4218707,Dissolução|Assistência Judiciária Gratuita,352
50053969520208240075,2020-06-04T16:58:44.000Z,TJSC,G1,0,39,Inventário,8280,"Vara da Família, Órfãos, Infância e Juventude da Comarca de Tubarão",4218707,Inventário e Partilha,318
50044225320238240075,2023-03-15T22:10:21.000Z,TJSC,G1,0,156,Cumprimento de sentença,8280,"Vara da Família, Órfãos, Infância e Juventude da Comarca de Tubarão",4218707,Rescisão do contrato e devolução do dinheiro|Sucumbenciais |Expropriação de Bens,788
50077542820238240075,2023-05-22T15:11:28.000Z,TJSC,G1,0,7,Procedimento Comum Cível,8280,"Vara da Família, Órfãos, Infância e Juventude da Comarca de Tubarão",4218707,Fornecimento de insumos,137
50102867220238240075,2023-07-10T16:49:18.000Z,TJSC,G1,0,156,Cumprimento de sentença,8280,"Vara da Família, Órfãos, Infância e Juventude da Comarca de Tubarão",4218707,Alimentos|Sucumbenciais |Expropriação de Bens,703
50099840920248240075,2024-07-24T19:14:12.000Z,TJSC,G1,0,7,Procedimento Comum Cível,8280,"Vara da Família, Órfãos, Infância e Juventude da Comarca de Tubarão",4218707,Registrado na ANVISA,321
50178688920248240075,2024-12-19T14:56:34.000Z,TJSC,G1,0,12541,Divórcio Litigioso,8280,"Vara da Família, Órfãos, Infância e Juventude da Comarca de Tubarão",4218707,Casamento|Dissolução,141
50039961220218240075,2021-04-14T11:17:36.000Z,TJSC,JE,0,156,Cumprimento de sentença,8280,"Vara da Família, Órfãos, Infância e Juventude da Comarca de Tubarão",4218707,Inadimplemento|Sucumbenciais ,294
50004980520218240075,2021-01-18T21:40:15.000Z,TJSC,G1,0,74,Alvará Judicial - Lei 6858/80,8280,"Vara da Família, Órfãos, Infância e Juventude da Comarca de Tubarão",4218707,Petição de Herança,325
50013664620228240075,2022-02-11T15:20:38.000Z,TJSC,G1,0,74,Alvará Judicial - Lei 6858/80,8280,"Vara da Família, Órfãos, Infância e Juventude da Comarca de Tubarão",4218707,Inventário e Partilha,112
50043540620238240075,2023-03-15T08:34:09.000Z,TJSC,G1,0,74,Alvará Judicial - Lei 6858/80,8280,"Vara da Família, Órfãos, Infância e Juventude da Comarca de Tubarão",4218707,Capacidade,114
50017888420238240075,2023-02-07T16:44:22.000Z,TJSC,G1,0,74,Alvará Judicial - Lei 6858/80,8280,"Vara da Família, Órfãos, Infância e Juventude da Comarca de Tubarão",4218707,Capacidade,184
50084682220228240075,2022-07-13T15:43:06.000Z,TJSC,G1,0,39,Inventário,8280,"Vara da Família, Órfãos, Infância e Juventude da Comarca de Tubarão",4218707,Inventário e Partilha,1050
50041179820258240075,2025-04-01T17:43:43.000Z,TJSC,G1,0,39,Inventário,8280,"Vara da Família, Órfãos, Infância e Juventude da Comarca de Tubarão",4218707,Inventário e Partilha,51
50056750820258240075,2025-05-05T14:58:35.000Z,TJSC,G1,0,7,Procedimento Comum Cível,8280,"Vara da Família, Órfãos, Infância e Juventude da Comarca de Tubarão",4218707,Oncológico,36
00018458620068240075,2006-02-20T00:00:00.000Z,TJSC,G1,0,39,Inventário,8280,"Vara da Família, Órfãos, Infância e Juventude da Comarca de Tubarão",4218707,Inventário e Partilha|DIREITO CIVIL,6626
50133769320208240075,2020-12-18T00:55:04.000Z,TJSC,G1,0,39,Inventário,8280,"Vara da Família, Órfãos, Infância e Juventude da Comarca de Tubarão",4218707,Inventário e Partilha,1124
00017946020158240075,2015-03-19T16:16:32.000Z,TJSC,JE,0,1690,Ação Civil Pública Infância e Juventude,8280,"Vara da Família, Órfãos, Infância e Juventude da Comarca de Tubarão",4218707,Fornecimento de Medicamentos,2281
50092024120208240075,2020-09-05T18:56:06.000Z,TJSC,G1,0,39,Inventário,8280,"Vara da Família, Órfãos, Infância e Juventude da Comarca de Tubarão",4218707,Inventário e Partilha,550
50079469220228240075,2022-07-04T14:05:03.000Z,TJSC,G1,0,156,Cumprimento de sentença,8280,"Vara da Família, Órfãos, Infância e Juventude da Comarca de Tubarão",4218707,Indenização por Dano Material|Sucumbenciais |Expropriação de Bens,161
50058718020228240075,2022-05-18T18:20:16.000Z,TJSC,G1,0,39,Inventário,8280,"Vara da Família, Órfãos, Infância e Juventude da Comarca de Tubarão",4218707,Inventário e Partilha,309
50033209320238240075,2023-02-22T16:43:55.000Z,TJSC,G1,0,234,Remoção de Inventariante,8280,"Vara da Família, Órfãos, Infância e Juventude da Comarca de Tubarão",4218707,Inventário e Partilha,76
50105659220228240075,2022-08-29T18:05:04.000Z,TJSC,G1,0,74,Alvará Judicial - Lei 6858/80,8280,"Vara da Família, Órfãos, Infância e Juventude da Comarca de Tubarão",4218707,Administração de herança,447
50167002320228240075,2022-11-25T09:28:04.000Z,TJSC,G1,0,39,Inventário,8280,"Vara da Família, Órfãos, Infância e Juventude da Comarca de Tubarão",4218707,Inventário e Partilha,587
50128623820238240075,2023-08-28T13:59:11.000Z,TJSC,G1,0,156,Cumprimento de sentença,8280,"Vara da Família, Órfãos, Infância e Juventude da Comarca de Tubarão",4218707,"Defeito, nulidade ou anulação|Honorários Advocatícios ",274
00007075020078240075,2007-01-25T00:00:00.000Z,TJSC,G1,0,39,Inventário,8280,"Vara da Família, Órfãos, Infância e Juventude da Comarca de Tubarão",4218707,Inventário e Partilha,5438
00037996020128240075,2012-04-09T00:00:00.000Z,TJSC,G1,0,39,Inventário,8280,"Vara da Família, Órfãos, Infância e Juventude da Comarca de Tubarão",4218707,Inventário e Partilha,3634
00008747720018240075,2001-02-08T00:00:00.000Z,TJSC,G1,0,39,Inventário,8280,"Vara da Família, Órfãos, Infância e Juventude da Comarca de Tubarão",4218707,Inventário e Partilha,7827
00078183719978240075,1997-09-05T00:00:00.000Z,TJSC,G1,0,39,Inventário,8280,"Vara da Família, Órfãos, Infância e Juventude da Comarca de Tubarão",4218707,Inventário e Partilha,8960
00056646520058240075,2005-06-16T00:00:00.000Z,TJSC,G1,0,12154,Execução de Título Extrajudicial,8280,"Vara da Família, Órfãos, Infância e Juventude da Comarca de Tubarão",4218707,DIREITO CIVIL,6304
00064761020058240075,2005-07-07T00:00:00.000Z,TJSC,G1,0,39,Inventário,8280,"Vara da Família, Órfãos, Infância e Juventude da Comarca de Tubarão",4218707,Inventário e Partilha,6454
00032210520098240075,2009-03-30T00:00:00.000Z,TJSC,G1,0,39,Inventário,8280,"Vara da Família, Órfãos, Infância e Juventude da Comarca de Tubarão",4218707,Inventário e Partilha|Assistência Judiciária Gratuita,4512
00052058220138240075,2013-05-09T00:00:00.000Z,TJSC,G1,0,39,Inventário,8280,"Vara da Família, Órfãos, Infância e Juventude da Comarca de Tubarão",4218707,Inventário e Partilha,3220
00140833520098240075,2009-11-24T00:00:00.000Z,TJSC,G1,0,39,Inventário,8280,"Vara da Família, Órfãos, Infância e Juventude da Comarca de Tubarão",4218707,Inventário e Partilha|Assistência Judiciária Gratuita,4592
03058255020158240075,2015-10-29T12:24:12.000Z,TJSC,G1,0,39,Inventário,8280,"Vara da Família, Órfãos, Infância e Juventude da Comarca de Tubarão",4218707,Inventário e Partilha|Assistência Judiciária Gratuita,3283
50042022120248240075,2024-04-04T13:24:30.000Z,TJSC,G1,0,1294,Outros procedimentos de jurisdição voluntária,8280,"Vara da Família, Órfãos, Infância e Juventude da Comarca de Tubarão",4218707,Capacidade|Curatela,325
50177909520248240075,2024-12-18T17:21:07.000Z,TJSC,G1,0,39,Inventário,8280,"Vara da Família, Órfãos, Infância e Juventude da Comarca de Tubarão",4218707,Inventário e Partilha,83
00078447320138240075,2013-07-02T00:00:00.000Z,TJSC,G1,0,39,Inventário,8280,"Vara da Família, Órfãos, Infância e Juventude da Comarca de Tubarão",4218707,Inventário e Partilha,2696
50012698020218240075,2021-02-08T22:18:38.000Z,TJSC,G1,0,39,Inventário,8280,"Vara da Família, Órfãos, Infância e Juventude da Comarca de Tubarão",4218707,Inventário e Partilha,374
03004408720168240075,2016-02-02T15:10:47.000Z,TJSC,G1,0,39,Inventário,8280,"Vara da Família, Órfãos, Infância e Juventude da Comarca de Tubarão",4218707,Inventário e Partilha|DIREITO CIVIL,2707
50025617020238240030,2023-05-24T17:25:43.000Z,TJSC,G1,0,1294,Outros procedimentos de jurisdição voluntária,8280,"Vara da Família, Órfãos, Infância e Juventude da Comarca de Tubarão",4218707,Capacidade,704
50030301020258240075,2025-03-11T19:02:30.000Z,TJSC,G1,0,7,Procedimento Comum Cível,8280,"Vara da Família, Órfãos, Infância e Juventude da Comarca de Tubarão",4218707,Inventário e Partilha|Usufruto e Administração dos Bens de Filhos Menores,84
03017866820198240075,2019-04-12T12:21:31.000Z,TJSC,G1,0,74,Alvará Judicial - Lei 6858/80,8280,"Vara da Família, Órfãos, Infância e Juventude da Comarca de Tubarão",4218707,Levantamento de Valor,1096
50031522320258240075,2025-03-13T16:21:14.000Z,TJSC,G1,0,74,Alvará Judicial - Lei 6858/80,8280,"Vara da Família, Órfãos, Infância e Juventude da Comarca de Tubarão",4218707,Inventário e Partilha,32
50140928120248240075,2024-10-08T16:25:26.000Z,TJSC,G1,0,7,Procedimento Comum Cível,8280,"Vara da Família, Órfãos, Infância e Juventude da Comarca de Tubarão",4218707,Oncológico,236
00097871420028240075,2002-11-07T00:00:00.000Z,TJSC,G1,0,39,Inventário,8280,"Vara da Família, Órfãos, Infância e Juventude da Comarca de Tubarão",4218707,Administração de herança,8209
50032328420258240075,2025-03-14T18:27:12.000Z,TJSC,G1,0,10980,Cumprimento Provisório de Decisão,8280,"Vara da Família, Órfãos, Infância e Juventude da Comarca de Tubarão",4218707,Registrado na ANVISA,90
50113923520248240075,2024-08-21T10:27:42.000Z,TJSC,G1,0,12246,Cumprimento de Sentença de Obrigação de Prestar Alimentos,8280,"Vara da Família, Órfãos, Infância e Juventude da Comarca de Tubarão",4218707,Alimentos|Expropriação de Bens,286
50026084020228240075,2022-03-14T09:49:17.000Z,TJSC,G1,0,39,Inventário,8280,"Vara da Família, Órfãos, Infância e Juventude da Comarca de Tubarão",4218707,Inventário e Partilha,1175
50109264120248240075,2024-08-13T11:23:51.000Z,TJSC,G1,0,1294,Outros procedimentos de jurisdição voluntária,8280,"Vara da Família, Órfãos, Infância e Juventude da Comarca de Tubarão",4218707,Curatela,301
50034822520228240075,2022-03-29T15:21:34.000Z,TJSC,G1,0,39,Inventário,8280,"Vara da Família, Órfãos, Infância e Juventude da Comarca de Tubarão",4218707,Inventário e Partilha,337
50003957520258240004,2025-01-16T18:51:06.000Z,TJSC,G1,0,7,Procedimento Comum Cível,8280,"Vara da Família, Órfãos, Infância e Juventude da Comarca de Tubarão",4218707,Oncológico,140
50032426520248240075,2024-03-18T15:41:13.000Z,TJSC,G1,0,1294,Outros procedimentos de jurisdição voluntária,8280,"Vara da Família, Órfãos, Infância e Juventude da Comarca de Tubarão",4218707,Capacidade|Curatela,447
50170244220248240075,2024-12-05T14:27:15.000Z,TJSC,G1,0,58,Interdição/Curatela,8280,"Vara da Família, Órfãos, Infância e Juventude da Comarca de Tubarão",4218707,Capacidade,182
50039663520258240075,2025-03-28T19:08:49.000Z,TJSC,G1,0,39,Inventário,8280,"Vara da Família, Órfãos, Infância e Juventude da Comarca de Tubarão",4218707,Inventário e Partilha,74
50043170820258240075,2025-04-04T16:53:59.000Z,TJSC,G1,0,39,Inventário,8280,"Vara da Família, Órfãos, Infância e Juventude da Comarca de Tubarão",4218707,Inventário e Partilha,52
50038446120218240075,2021-04-11T21:39:06.000Z,TJSC,G1,0,39,Inventário,8280,"Vara da Família, Órfãos, Infância e Juventude da Comarca de Tubarão",4218707,Inventário e Partilha,515
50029918620208240075,2020-03-23T12:07:38.000Z,TJSC,G1,0,39,Inventário,8280,"Vara da Família, Órfãos, Infância e Juventude da Comarca de Tubarão",4218707,Inventário e Partilha,326
50054144320258240075,2025-04-29T13:41:45.000Z,TJSC,G1,0,7,Procedimento Comum Cível,8280,"Vara da Família, Órfãos, Infância e Juventude da Comarca de Tubarão",4218707,Tratamento médico-hospitalar,31
50025477720258240075,2025-02-27T14:44:37.000Z,TJSC,G1,0,120,Mandado de Segurança Cível,8280,"Vara da Família, Órfãos, Infância e Juventude da Comarca de Tubarão",4218707,Matrícula - Ausência de Pré-Requisito,97
50076186520228240075,2022-06-27T16:42:13.000Z,TJSC,JE,0,156,Cumprimento de sentença,8280,"Vara da Família, Órfãos, Infância e Juventude da Comarca de Tubarão",4218707,Espécies de Títulos de Crédito,1
50139741320218240075,2021-11-22T20:43:08.000Z,TJSC,G1,0,39,Inventário,8280,"Vara da Família, Órfãos, Infância e Juventude da Comarca de Tubarão",4218707,Inventário e Partilha,577
50180123420228240075,2022-12-13T10:18:49.000Z,TJSC,G1,0,74,Alvará Judicial - Lei 6858/80,8280,"Vara da Família, Órfãos, Infância e Juventude da Comarca de Tubarão",4218707,Capacidade,238
50055227720228240075,2022-05-10T17:17:19.000Z,TJSC,G1,0,39,Inventário,8280,"Vara da Família, Órfãos, Infância e Juventude da Comarca de Tubarão",4218707,Inventário e Partilha,667
50135396820238240075,2023-09-06T20:25:22.000Z,TJSC,G1,0,1294,Outros procedimentos de jurisdição voluntária,8280,"Vara da Família, Órfãos, Infância e Juventude da Comarca de Tubarão",4218707,Capacidade,179
00006355419938240075,1993-10-07T00:00:00.000Z,TJSC,G1,0,30,Arrolamento Comum,8280,"Vara da Família, Órfãos, Infância e Juventude da Comarca de Tubarão",4218707,Inventário e Partilha,11176
00004219620128240075,2012-02-10T00:00:00.000Z,TJSC,G1,0,39,Inventário,8280,"Vara da Família, Órfãos, Infância e Juventude da Comarca de Tubarão",4218707,Inventário e Partilha,3915
00006120619968240075,1996-03-05T00:00:00.000Z,TJSC,G1,0,30,Arrolamento Comum,8280,"Vara da Família, Órfãos, Infância e Juventude da Comarca de Tubarão",4218707,Inventário e Partilha,9603
00010489619958240075,1995-02-07T00:00:00.000Z,TJSC,G1,0,30,Arrolamento Comum,8280,"Vara da Família, Órfãos, Infância e Juventude da Comarca de Tubarão",4218707,Inventário e Partilha,9732
00014756320138240075,2013-02-13T00:00:00.000Z,TJSC,G1,0,39,Inventário,8280,"Vara da Família, Órfãos, Infância e Juventude da Comarca de Tubarão",4218707,Inventário e Partilha,3149
00158487520088240075,2008-11-12T00:00:00.000Z,TJSC,G1,0,39,Inventário,8280,"Vara da Família, Órfãos, Infância e Juventude da Comarca de Tubarão",4218707,Inventário e Partilha|Assistência Judiciária Gratuita,4703
00140649220108240075,2010-12-15T00:00:00.000Z,TJSC,G1,0,39,Inventário,8280,"Vara da Família, Órfãos, Infância e Juventude da Comarca de Tubarão",4218707,Inventário e Partilha,3968
00087072920138240075,2013-07-19T00:00:00.000Z,TJSC,G1,0,30,Arrolamento Comum,8280,"Vara da Família, Órfãos, Infância e Juventude da Comarca de Tubarão",4218707,Inventário e Partilha,2961
00040906119928240075,1992-03-16T00:00:00.000Z,TJSC,G1,0,39,Inventário,8280,"Vara da Família, Órfãos, Infância e Juventude da Comarca de Tubarão",4218707,Inventário e Partilha,10790
00085160919988240075,1998-10-19T00:00:00.000Z,TJSC,G1,0,30,Arrolamento Comum,8280,"Vara da Família, Órfãos, Infância e Juventude da Comarca de Tubarão",4218707,Inventário e Partilha,9026
00000561320108240075,2010-01-07T00:00:00.000Z,TJSC,G1,0,30,Arrolamento Comum,8280,"Vara da Família, Órfãos, Infância e Juventude da Comarca de Tubarão",4218707,Inventário e Partilha|Assistência Judiciária Gratuita,4251
03057816520148240075,2014-11-03T14:09:50.000Z,TJSC,G1,0,39,Inventário,8280,"Vara da Família, Órfãos, Infância e Juventude da Comarca de Tubarão",4218707,Inventário e Partilha|Assistência Judiciária Gratuita,3327
00006638519948240075,1994-12-09T00:00:00.000Z,TJSC,G1,0,241,Petição Cível,8280,"Vara da Família, Órfãos, Infância e Juventude da Comarca de Tubarão",4218707,DIREITO CIVIL,10493
00004290619948240075,1994-07-22T00:00:00.000Z,TJSC,G1,0,58,Interdição/Curatela,8280,"Vara da Família, Órfãos, Infância e Juventude da Comarca de Tubarão",4218707,DIREITO CIVIL,11071
50083288520228240075,2022-07-11T13:27:39.000Z,TJSC,G1,0,39,Inventário,8280,"Vara da Família, Órfãos, Infância e Juventude da Comarca de Tubarão",4218707,Inventário e Partilha,856
50111386220248240075,2024-08-16T10:12:49.000Z,TJSC,G1,0,39,Inventário,8280,"Vara da Família, Órfãos, Infância e Juventude da Comarca de Tubarão",4218707,Inventário e Partilha,194
00041189620108240075,2010-04-12T00:00:00.000Z,TJSC,G1,0,39,Inventário,8280,"Vara da Família, Órfãos, Infância e Juventude da Comarca de Tubarão",4218707,Inventário e Partilha,5450
09003840520168240075,2016-12-13T16:53:06.000Z,TJSC,G1,0,1690,Ação Civil Pública Infância e Juventude,8280,"Vara da Família, Órfãos, Infância e Juventude da Comarca de Tubarão",4218707,Ensino Fundamental e Médio,1355
00013412719998240075,1999-03-05T00:00:00.000Z,TJSC,G1,0,39,Inventário,8280,"Vara da Família, Órfãos, Infância e Juventude da Comarca de Tubarão",4218707,Erro de Procedimento,7930
50034545220258240075,2025-03-19T16:32:55.000Z,TJSC,G1,0,7,Procedimento Comum Cível,8280,"Vara da Família, Órfãos, Infância e Juventude da Comarca de Tubarão",4218707,Registrado na ANVISA,84
50123099320208240075,2020-11-24T11:02:28.000Z,TJSC,G1,0,74,Alvará Judicial - Lei 6858/80,8280,"Vara da Família, Órfãos, Infância e Juventude da Comarca de Tubarão",4218707,Capacidade,595
50122471420248240075,2024-09-04T16:13:14.000Z,TJSC,G1,0,241,Petição Cível,8280,"Vara da Família, Órfãos, Infância e Juventude da Comarca de Tubarão",4218707,Indenização por Dano Moral,284
50021233520258240075,2025-02-19T14:47:33.000Z,TJSC,G1,0,7,Procedimento Comum Cível,8280,"Vara da Família, Órfãos, Infância e Juventude da Comarca de Tubarão",4218707,Oncológico,109
50022949420228240075,2022-03-07T15:42:02.000Z,TJSC,G1,0,39,Inventário,8280,"Vara da Família, Órfãos, Infância e Juventude da Comarca de Tubarão",4218707,Inventário e Partilha,1190
50030299820208240075,2020-03-24T15:15:34.000Z,TJSC,G1,0,39,Inventário,8280,"Vara da Família, Órfãos, Infância e Juventude da Comarca de Tubarão",4218707,Inventário e Partilha,1283
50074685020238240075,2023-05-16T12:45:04.000Z,TJSC,G1,0,156,Cumprimento de sentença,8280,"Vara da Família, Órfãos, Infância e Juventude da Comarca de Tubarão",4218707,Alimentos|Sucumbência |Expropriação de Bens,722
50176376220248240075,2024-12-17T12:06:16.000Z,TJSC,G1,0,7,Procedimento Comum Cível,8280,"Vara da Família, Órfãos, Infância e Juventude da Comarca de Tubarão",4218707,Registrado na ANVISA,168
50170910720248240075,2024-12-06T14:35:33.000Z,TJSC,G1,0,7,Procedimento Comum Cível,8280,"Vara da Família, Órfãos, Infância e Juventude da Comarca de Tubarão",4218707,Cirurgia,168
00043734519968240075,1996-08-08T00:00:00.000Z,TJSC,G1,0,39,Inventário,8280,"Vara da Família, Órfãos, Infância e Juventude da Comarca de Tubarão",4218707,Inventário e Partilha,10252
50044623520238240075,2023-03-16T16:18:29.000Z,TJSC,G1,0,39,Inventário,8280,"Vara da Família, Órfãos, Infância e Juventude da Comarca de Tubarão",4218707,Inventário e Partilha,737
50150957620218240075,2021-12-15T14:38:45.000Z,TJSC,G1,0,241,Petição Cível,8280,"Vara da Família, Órfãos, Infância e Juventude da Comarca de Tubarão",4218707,Capacidade|Assistência Judiciária Gratuita,419
50168278720248240075,2024-12-02T15:11:07.000Z,TJSC,G1,0,7,Procedimento Comum Cível,8280,"Vara da Família, Órfãos, Infância e Juventude da Comarca de Tubarão",4218707,Financiamento do SUS,183
50120243220228240075,2022-10-03T11:43:01.000Z,TJSC,G1,0,156,Cumprimento de sentença,8280,"Vara da Família, Órfãos, Infância e Juventude da Comarca de Tubarão",4218707,Aquisição|Cumprimento Provisório de Sentença|Perdas e Danos|Expropriação de Bens,899
50138598420248240075,2024-10-03T18:07:48.000Z,TJSC,G1,0,7,Procedimento Comum Cível,8280,"Vara da Família, Órfãos, Infância e Juventude da Comarca de Tubarão",4218707,Oncológico,253
00049052320138240075,2013-05-03T00:00:00.000Z,TJSC,G1,0,39,Inventário,8280,"Vara da Família, Órfãos, Infância e Juventude da Comarca de Tubarão",4218707,Inventário e Partilha|Usufruto e Administração dos Bens de Filhos Menores,4320
50127374120218240075,2021-10-22T19:19:00.000Z,TJSC,G1,0,30,Arrolamento Comum,8280,"Vara da Família, Órfãos, Infância e Juventude da Comarca de Tubarão",4218707,Inventário e Partilha,643
50104110620248240075,2024-08-01T18:58:57.000Z,TJSC,G1,0,7,Procedimento Comum Cível,8280,"Vara da Família, Órfãos, Infância e Juventude da Comarca de Tubarão",4218707,Registrado na ANVISA,283
50140867420248240075,2024-10-08T16:04:33.000Z,TJSC,G1,0,7,Procedimento Comum Cível,8280,"Vara da Família, Órfãos, Infância e Juventude da Comarca de Tubarão",4218707,Registrado na ANVISA,196
50129642620248240075,2024-09-18T21:40:29.000Z,TJSC,G1,0,7,Procedimento Comum Cível,8280,"Vara da Família, Órfãos, Infância e Juventude da Comarca de Tubarão",4218707,Oncológico,243
50005587020248240075,2024-01-23T14:13:42.000Z,TJSC,G1,0,39,Inventário,8280,"Vara da Família, Órfãos, Infância e Juventude da Comarca de Tubarão",4218707,Inventário e Partilha,488
50180123420228240075,2022-12-13T10:18:49.000Z,TJSC,G1,0,74,Alvará Judicial - Lei 6858/80,8280,"Vara da Família, Órfãos, Infância e Juventude da Comarca de Tubarão",4218707,Capacidade,238
50008300620208240075,2020-01-29T14:23:00.000Z,TJSC,G1,0,39,Inventário,8280,"Vara da Família, Órfãos, Infância e Juventude da Comarca de Tubarão",4218707,Inventário e Partilha,411
50022519420218240075,2021-03-04T17:51:16.000Z,TJSC,G1,0,39,Inventário,8280,"Vara da Família, Órfãos, Infância e Juventude da Comarca de Tubarão",4218707,Inventário e Partilha,627
50046278720208240075,2020-05-14T18:13:11.000Z,TJSC,G1,0,39,Inventário,8280,"Vara da Família, Órfãos, Infância e Juventude da Comarca de Tubarão",4218707,Inventário e Partilha|Capacidade,1123
03004408720168240075,2016-02-02T15:10:47.000Z,TJSC,G1,0,39,Inventário,8280,"Vara da Família, Órfãos, Infância e Juventude da Comarca de Tubarão",4218707,Inventário e Partilha,2707
50107567420218240075,2021-09-08T18:08:19.000Z,TJSC,G1,0,45,Ação de Exigir Contas,8280,"Vara da Família, Órfãos, Infância e Juventude da Comarca de Tubarão",4218707,Curatela,769
50047248220238240075,2023-03-21T16:10:00.000Z,TJSC,G1,0,74,Alvará Judicial - Lei 6858/80,8280,"Vara da Família, Órfãos, Infância e Juventude da Comarca de Tubarão",4218707,Curadoria dos bens do ausente,243
50183125920238240075,2023-12-18T12:05:00.000Z,TJSC,G1,0,156,Cumprimento de sentença,8280,"Vara da Família, Órfãos, Infância e Juventude da Comarca de Tubarão",4218707,Espécies de Títulos de Crédito,203
50086882020228240075,2022-07-18T19:30:41.000Z,TJSC,G1,0,12246,Cumprimento de Sentença de Obrigação de Prestar Alimentos,8280,"Vara da Família, Órfãos, Infância e Juventude da Comarca de Tubarão",4218707,Alimentos|Alimentos,552
50093179120228240075,2022-07-29T17:08:31.000Z,TJSC,G1,0,39,Inventário,8280,"Vara da Família, Órfãos, Infância e Juventude da Comarca de Tubarão",4218707,Inventário e Partilha,570
50021100720238240075,2023-02-08T15:25:34.000Z,TJSC,G1,0,156,Cumprimento de sentença,8280,"Vara da Família, Órfãos, Infância e Juventude da Comarca de Tubarão",4218707,Espécies de Títulos de Crédito|Sucumbência ,356
50171104720238240075,2023-11-22T14:44:07.000Z,TJSC,G1,0,156,Cumprimento de sentença,8280,"Vara da Família, Órfãos, Infância e Juventude da Comarca de Tubarão",4218707,Adimplemento e Extinção|Cumprimento Provisório de Sentença,90
50004711720248240075,2024-01-19T18:00:49.000Z,TJSC,G1,0,1478,Carta Precatória Infracional,8280,"Vara da Família, Órfãos, Infância e Juventude da Comarca de Tubarão",4218707,Posse de Drogas para Consumo Pessoal,61
50023011820248240075,2024-02-29T15:55:23.000Z,TJSC,G1,0,156,Cumprimento de sentença,8280,"Vara da Família, Órfãos, Infância e Juventude da Comarca de Tubarão",4218707,Regime de Bens Entre os Cônjuges,150
00036659620138240075,2013-04-08T00:00:00.000Z,TJSC,G1,0,39,Inventário,8280,"Vara da Família, Órfãos, Infância e Juventude da Comarca de Tubarão",4218707,Inventário e Partilha,3125
00020247320138240075,2013-02-26T00:00:00.000Z,TJSC,G1,0,39,Inventário,8280,"Vara da Família, Órfãos, Infância e Juventude da Comarca de Tubarão",4218707,Inventário e Partilha,3137
05003630220138240075,2013-04-24T00:00:00.000Z,TJSC,G1,0,39,Inventário,8280,"Vara da Família, Órfãos, Infância e Juventude da Comarca de Tubarão",4218707,Inventário e Partilha,3360
00011253719978240075,1997-09-25T00:00:00.000Z,TJSC,G1,0,39,Inventário,8280,"Vara da Família, Órfãos, Infância e Juventude da Comarca de Tubarão",4218707,Inventário e Partilha,9335
50066989120228240075,2022-06-06T17:59:04.000Z,TJSC,G1,0,37,Embargos de Terceiro Cível,8280,"Vara da Família, Órfãos, Infância e Juventude da Comarca de Tubarão",4218707,Aquisição,917
50089685420238240075,2023-06-14T15:49:16.000Z,TJSC,G1,0,39,Inventário,8280,"Vara da Família, Órfãos, Infância e Juventude da Comarca de Tubarão",4218707,Inventário e Partilha,553
50114778920228240075,2022-09-21T15:05:12.000Z,TJSC,G1,0,58,Interdição/Curatela,8280,"Vara da Família, Órfãos, Infância e Juventude da Comarca de Tubarão",4218707,Capacidade,880
50015560420258240075,2025-02-07T17:20:41.000Z,TJSC,G1,0,234,Remoção de Inventariante,8280,"Vara da Família, Órfãos, Infância e Juventude da Comarca de Tubarão",4218707,Inventário e Partilha,35
50021635120248240075,2024-02-27T16:39:42.000Z,TJSC,G1,0,39,Inventário,8280,"Vara da Família, Órfãos, Infância e Juventude da Comarca de Tubarão",4218707,Inventário e Partilha,391
50098582720228240075,2022-08-10T21:24:29.000Z,TJSC,G1,0,39,Inventário,8280,"Vara da Família, Órfãos, Infância e Juventude da Comarca de Tubarão",4218707,Inventário e Partilha,992
50119890420248240075,2024-08-30T12:46:18.000Z,TJSC,G1,0,74,Alvará Judicial - Lei 6858/80,8280,"Vara da Família, Órfãos, Infância e Juventude da Comarca de Tubarão",4218707,Capacidade,87
50135388320238240075,2023-09-06T20:15:16.000Z,TJSC,G1,0,58,Interdição/Curatela,8280,"Vara da Família, Órfãos, Infância e Juventude da Comarca de Tubarão",4218707,Capacidade,628
50066061120258240075,2025-05-22T12:58:50.000Z,TJSC,G1,0,12541,Divórcio Litigioso,8280,"Vara da Família, Órfãos, Infância e Juventude da Comarca de Tubarão",4218707,Dissolução,18
03029321820178240075,2017-05-18T11:12:22.000Z,TJSC,G1,0,74,Alvará Judicial - Lei 6858/80,8280,"Vara da Família, Órfãos, Infância e Juventude da Comarca de Tubarão",4218707,Inventário e Partilha|DIREITO CIVIL,2897
50038847220238240075,2023-03-06T22:54:42.000Z,TJSC,G1,0,156,Cumprimento de sentença,8280,"Vara da Família, Órfãos, Infância e Juventude da Comarca de Tubarão",4218707,Capacidade,98
50024606320218240075,2021-03-10T11:43:17.000Z,TJSC,G1,0,39,Inventário,8280,"Vara da Família, Órfãos, Infância e Juventude da Comarca de Tubarão",4218707,Inventário e Partilha,902
50115061320208240075,2020-11-03T15:52:49.000Z,TJSC,G1,0,156,Cumprimento de sentença,8280,"Vara da Família, Órfãos, Infância e Juventude da Comarca de Tubarão",4218707,Espécies de Títulos de Crédito,567
50011569220228240075,2022-02-07T19:12:32.000Z,TJSC,G1,0,39,Inventário,8280,"Vara da Família, Órfãos, Infância e Juventude da Comarca de Tubarão",4218707,Inventário e Partilha,569
50119812720248240075,2024-08-30T11:24:55.000Z,TJSC,G1,0,151,Liquidação por Arbitramento,8280,"Vara da Família, Órfãos, Infância e Juventude da Comarca de Tubarão",4218707,Sociedade ,259
50021791020218240075,2021-03-03T17:16:34.000Z,TJSC,G1,0,39,Inventário,8280,"Vara da Família, Órfãos, Infância e Juventude da Comarca de Tubarão",4218707,Inventário e Partilha,628
50029704720198240075,2019-10-14T16:23:23.000Z,TJSC,G1,0,156,Cumprimento de sentença,8280,"Vara da Família, Órfãos, Infância e Juventude da Comarca de Tubarão",4218707,Inadimplemento|Sucumbenciais |Expropriação de Bens|Penhora / Depósito/ Avaliação ,1701
50029918620208240075,2020-03-23T12:07:38.000Z,TJSC,G1,0,39,Inventário,8280,"Vara da Família, Órfãos, Infância e Juventude da Comarca de Tubarão",4218707,Inventário e Partilha,326
50027805020208240075,2020-03-16T15:38:29.000Z,TJSC,G1,0,48,Sobrepartilha,8280,"Vara da Família, Órfãos, Infância e Juventude da Comarca de Tubarão",4218707,Inventário e Partilha,398
50117694520208240075,2020-11-10T16:11:56.000Z,TJSC,G1,0,74,Alvará Judicial - Lei 6858/80,8280,"Vara da Família, Órfãos, Infância e Juventude da Comarca de Tubarão",4218707,Capacidade,380
50080156120218240075,2021-07-09T22:42:33.000Z,TJSC,G1,0,1706,Procedimento Comum Infância e Juventude,8280,"Vara da Família, Órfãos, Infância e Juventude da Comarca de Tubarão",4218707,Fornecimento de insumos|Obrigação de Fazer / Não Fazer|Tutela de Urgência,150
50081914020218240075,2021-07-14T15:37:31.000Z,TJSC,G1,0,1294,Outros procedimentos de jurisdição voluntária,8280,"Vara da Família, Órfãos, Infância e Juventude da Comarca de Tubarão",4218707,Inventário e Partilha,489
50053117520218240075,2021-05-13T10:22:50.000Z,TJSC,G1,0,39,Inventário,8280,"Vara da Família, Órfãos, Infância e Juventude da Comarca de Tubarão",4218707,Inventário e Partilha,670
50043540620238240075,2023-03-15T08:34:09.000Z,TJSC,G1,0,74,Alvará Judicial - Lei 6858/80,8280,"Vara da Família, Órfãos, Infância e Juventude da Comarca de Tubarão",4218707,Capacidade,114
50077542820238240075,2023-05-22T15:11:28.000Z,TJSC,G1,0,7,Procedimento Comum Cível,8280,"Vara da Família, Órfãos, Infância e Juventude da Comarca de Tubarão",4218707,Fornecimento de insumos,137
50083573820228240075,2022-07-11T16:17:48.000Z,TJSC,G1,0,74,Alvará Judicial - Lei 6858/80,8280,"Vara da Família, Órfãos, Infância e Juventude da Comarca de Tubarão",4218707,Inventário e Partilha,483
50179185220238240075,2023-12-08T16:54:20.000Z,TJSC,G1,0,-1,Inválido,8280,"Vara da Família, Órfãos, Infância e Juventude da Comarca de Tubarão",4218707,Adoção de Criança,184
50038039420218240075,2021-04-09T15:10:38.000Z,TJSC,G1,0,39,Inventário,8280,"Vara da Família, Órfãos, Infância e Juventude da Comarca de Tubarão",4218707,Inventário e Partilha,1015
50058731620238240075,2023-04-13T19:06:08.000Z,TJSC,G1,0,39,Inventário,8280,"Vara da Família, Órfãos, Infância e Juventude da Comarca de Tubarão",4218707,Inventário e Partilha,312
50086752120228240075,2022-07-18T17:42:09.000Z,TJSC,G1,0,74,Alvará Judicial - Lei 6858/80,8280,"Vara da Família, Órfãos, Infância e Juventude da Comarca de Tubarão",4218707,Inventário e Partilha,661
50093314120238240075,2023-06-22T13:06:30.000Z,TJSC,G1,0,156,Cumprimento de sentença,8280,"Vara da Família, Órfãos, Infância e Juventude da Comarca de Tubarão",4218707,Pagamento,244
50124077320238240075,2023-08-18T13:45:57.000Z,TJSC,G1,0,172,Embargos à Execução,8280,"Vara da Família, Órfãos, Infância e Juventude da Comarca de Tubarão",4218707,Direitos e Títulos de Crédito,185
50133482320238240075,2023-09-05T09:14:58.000Z,TJSC,G1,0,39,Inventário,8280,"Vara da Família, Órfãos, Infância e Juventude da Comarca de Tubarão",4218707,Inventário e Partilha,224
50206786420238240045,2023-11-20T16:23:13.000Z,TJSC,G1,0,58,Interdição/Curatela,8280,"Vara da Família, Órfãos, Infância e Juventude da Comarca de Tubarão",4218707,Capacidade,93
50003456420248240075,2024-01-16T14:36:29.000Z,TJSC,G1,0,156,Cumprimento de sentença,8280,"Vara da Família, Órfãos, Infância e Juventude da Comarca de Tubarão",4218707,Inadimplemento,35
00013020619948240075,1994-08-19T00:00:00.000Z,TJSC,G1,0,60,Separação Consensual,8280,"Vara da Família, Órfãos, Infância e Juventude da Comarca de Tubarão",4218707,Dissolução,10263
50090496620248240075,2024-07-08T09:39:13.000Z,TJSC,G1,0,261,Carta Precatória Cível,8280,"Vara da Família, Órfãos, Infância e Juventude da Comarca de Tubarão",4218707,Pagamento,53
50147050420248240075,2024-10-21T14:11:11.000Z,TJSC,G1,0,10980,Cumprimento Provisório de Decisão,8280,"Vara da Família, Órfãos, Infância e Juventude da Comarca de Tubarão",4218707,Oncológico,52
50152897120248240075,2024-10-31T18:59:49.000Z,TJSC,G1,0,157,Cumprimento Provisório de Sentença,8280,"Vara da Família, Órfãos, Infância e Juventude da Comarca de Tubarão",4218707,Alimentos|Alimentos,125
50029022420248240075,2024-03-12T15:57:14.000Z,TJSC,G1,0,-1,Inválido,8280,"Vara da Família, Órfãos, Infância e Juventude da Comarca de Tubarão",4218707,Adoção de Adolescente,411
50004527420258240075,2025-01-16T15:10:19.000Z,TJSC,G1,0,39,Inventário,8280,"Vara da Família, Órfãos, Infância e Juventude da Comarca de Tubarão",4218707,Inventário e Partilha,82
00103031019978240075,1997-06-05T00:00:00.000Z,TJSC,G1,0,241,Petição Cível,8280,"Vara da Família, Órfãos, Infância e Juventude da Comarca de Tubarão",4218707,DIREITO CIVIL,10164
50028898820258240075,2025-03-10T11:39:55.000Z,TJSC,G1,0,39,Inventário,8280,"Vara da Família, Órfãos, Infância e Juventude da Comarca de Tubarão",4218707,Inventário e Partilha,86
50036684320258240075,2025-03-24T15:11:35.000Z,TJSC,G1,0,30,Arrolamento Comum,8280,"Vara da Família, Órfãos, Infância e Juventude da Comarca de Tubarão",4218707,Inventário e Partilha,71
00046246319968240075,1996-08-02T00:00:00.000Z,TJSC,G1,0,30,Arrolamento Comum,8280,"Vara da Família, Órfãos, Infância e Juventude da Comarca de Tubarão",4218707,Inventário e Partilha|DIREITO CIVIL,10351
00072422420098240075,2009-06-26T00:00:00.000Z,TJSC,G1,0,39,Inventário,8280,"Vara da Família, Órfãos, Infância e Juventude da Comarca de Tubarão",4218707,Inventário e Partilha|DIREITO CIVIL,5162
50092437120218240075,2021-08-04T16:05:32.000Z,TJSC,G1,0,39,Inventário,8280,"Vara da Família, Órfãos, Infância e Juventude da Comarca de Tubarão",4218707,Inventário e Partilha,288
50062846420208240075,2020-06-29T09:18:27.000Z,TJSC,G1,0,74,Alvará Judicial - Lei 6858/80,8280,"Vara da Família, Órfãos, Infância e Juventude da Comarca de Tubarão",4218707,Capacidade,144
50094215420208240075,2020-09-11T22:51:23.000Z,TJSC,G1,0,156,Cumprimento de sentença,8280,"Vara da Família, Órfãos, Infância e Juventude da Comarca de Tubarão",4218707,Tratamento médico-hospitalar|Honorários Advocatícios em Execução Contra a Fazenda Pública,438
50062141320218240075,2021-06-01T09:49:57.000Z,TJSC,G1,0,156,Cumprimento de sentença,8280,"Vara da Família, Órfãos, Infância e Juventude da Comarca de Tubarão",4218707,Inadimplemento|Sucumbenciais ,384
50065955520208240075,2020-07-06T11:31:23.000Z,TJSC,G1,0,1294,Outros procedimentos de jurisdição voluntária,8280,"Vara da Família, Órfãos, Infância e Juventude da Comarca de Tubarão",4218707,Capacidade,730
50058718020228240075,2022-05-18T18:20:16.000Z,TJSC,G1,0,39,Inventário,8280,"Vara da Família, Órfãos, Infância e Juventude da Comarca de Tubarão",4218707,Inventário e Partilha,309
50081914020218240075,2021-07-14T15:37:31.000Z,TJSC,G1,0,1294,Outros procedimentos de jurisdição voluntária,8280,"Vara da Família, Órfãos, Infância e Juventude da Comarca de Tubarão",4218707,Inventário e Partilha,489
50157507720238240075,2023-10-23T09:17:11.000Z,TJSC,G1,0,39,Inventário,8280,"Vara da Família, Órfãos, Infância e Juventude da Comarca de Tubarão",4218707,Inventário e Partilha,573
50106634320238240075,2023-07-17T13:57:56.000Z,TJSC,G1,0,156,Cumprimento de sentença,8280,"Vara da Família, Órfãos, Infância e Juventude da Comarca de Tubarão",4218707,Espécies de Títulos de Crédito|Expropriação de Bens|Sucumbenciais ,664
50159955420248240075,2024-11-14T10:59:07.000Z,TJSC,G1,0,74,Alvará Judicial - Lei 6858/80,8280,"Vara da Família, Órfãos, Infância e Juventude da Comarca de Tubarão",4218707,Inventário e Partilha,201
50159923620238240075,2023-10-26T18:09:58.000Z,TJSC,G1,0,37,Embargos de Terceiro Cível,8280,"Vara da Família, Órfãos, Infância e Juventude da Comarca de Tubarão",4218707,Penhor,580
03049695220168240075,2016-08-25T16:47:52.000Z,TJSC,G1,0,39,Inventário,8280,"Vara da Família, Órfãos, Infância e Juventude da Comarca de Tubarão",4218707,Inventário e Partilha,3209
50016187820248240075,2024-02-16T17:20:27.000Z,TJSC,G1,0,156,Cumprimento de sentença,8280,"Vara da Família, Órfãos, Infância e Juventude da Comarca de Tubarão",4218707,Direitos da Personalidade |Sucumbenciais |Expropriação de Bens,468
50110537620248240075,2024-08-14T16:17:48.000Z,TJSC,G1,0,58,Interdição/Curatela,8280,"Vara da Família, Órfãos, Infância e Juventude da Comarca de Tubarão",4218707,Gestão de Negócios|Curatela,299
50101507520238240075,2023-07-06T17:38:22.000Z,TJSC,G1,0,39,Inventário,8280,"Vara da Família, Órfãos, Infância e Juventude da Comarca de Tubarão",4218707,Inventário e Partilha,663
50170971420248240075,2024-12-06T15:08:03.000Z,TJSC,G1,0,10980,Cumprimento Provisório de Decisão,8280,"Vara da Família, Órfãos, Infância e Juventude da Comarca de Tubarão",4218707,Registrado na ANVISA,139
50159911720248240075,2024-11-14T10:10:22.000Z,TJSC,G1,0,7,Procedimento Comum Cível,8280,"Vara da Família, Órfãos, Infância e Juventude da Comarca de Tubarão",4218707,Padronizado,200
03011310420168240075,2016-03-10T11:29:39.000Z,TJSC,G1,0,12246,Cumprimento de Sentença de Obrigação de Prestar Alimentos,8280,"Vara da Família, Órfãos, Infância e Juventude da Comarca de Tubarão",4218707,Alimentos,1498
09000082420138240075,2013-12-04T16:40:10.000Z,TJSC,G1,0,1690,Ação Civil Pública Infância e Juventude,8280,"Vara da Família, Órfãos, Infância e Juventude da Comarca de Tubarão",4218707,Assistência Judiciária Gratuita,2266
50090947520218240075,2021-07-30T21:40:16.000Z,TJSC,G1,0,39,Inventário,8280,"Vara da Família, Órfãos, Infância e Juventude da Comarca de Tubarão",4218707,Inventário e Partilha,730
50102058920248240075,2024-07-30T12:22:22.000Z,TJSC,G1,0,1706,Procedimento Comum Infância e Juventude,8280,"Vara da Família, Órfãos, Infância e Juventude da Comarca de Tubarão",4218707,Não padronizado,268
50046278720208240075,2020-05-14T18:13:11.000Z,TJSC,G1,0,39,Inventário,8280,"Vara da Família, Órfãos, Infância e Juventude da Comarca de Tubarão",4218707,Inventário e Partilha|Capacidade,1123
50166571820248240075,2024-11-28T11:44:05.000Z,TJSC,G1,0,10980,Cumprimento Provisório de Decisão,8280,"Vara da Família, Órfãos, Infância e Juventude da Comarca de Tubarão",4218707,Inventário e Partilha|Multa Cominatória / Astreintes,200
50133419420248240075,2024-09-25T16:22:24.000Z,TJSC,G1,0,7,Procedimento Comum Cível,8280,"Vara da Família, Órfãos, Infância e Juventude da Comarca de Tubarão",4218707,Oncológico,251
50023182520228240075,2022-03-07T22:35:38.000Z,TJSC,G1,0,39,Inventário,8280,"Vara da Família, Órfãos, Infância e Juventude da Comarca de Tubarão",4218707,Inventário e Partilha,1120
50029961120208240075,2020-03-23T16:30:34.000Z,TJSC,G1,0,156,Cumprimento de sentença,8280,"Vara da Família, Órfãos, Infância e Juventude da Comarca de Tubarão",4218707,Espécies de Títulos de Crédito|Sucumbenciais ,1896
50172585820238240075,2023-11-24T19:59:22.000Z,TJSC,G1,0,156,Cumprimento de sentença,8280,"Vara da Família, Órfãos, Infância e Juventude da Comarca de Tubarão",4218707,Fornecimento de insumos,535
03008048820188240075,2018-02-23T13:18:59.000Z,TJSC,G1,0,39,Inventário,8280,"Vara da Família, Órfãos, Infância e Juventude da Comarca de Tubarão",4218707,Inventário e Partilha|Assistência Judiciária Gratuita,2559
50013209120218240075,2021-02-09T18:41:10.000Z,TJSC,G1,0,39,Inventário,8280,"Vara da Família, Órfãos, Infância e Juventude da Comarca de Tubarão",4218707,Inventário e Partilha,1525
50053117520218240075,2021-05-13T10:22:50.000Z,TJSC,G1,0,39,Inventário,8280,"Vara da Família, Órfãos, Infância e Juventude da Comarca de Tubarão",4218707,Inventário e Partilha,670
50032268720198240075,2019-10-18T17:05:10.000Z,TJSC,G1,0,74,Alvará Judicial - Lei 6858/80,8280,"Vara da Família, Órfãos, Infância e Juventude da Comarca de Tubarão",4218707,Administração de herança,374
50092558020248240075,2024-07-11T10:19:12.000Z,TJSC,G1,0,7,Procedimento Comum Cível,8280,"Vara da Família, Órfãos, Infância e Juventude da Comarca de Tubarão",4218707,Tratamento médico-hospitalar|Registrado na ANVISA,333
03040549520198240075,2019-08-14T15:54:30.000Z,TJSC,G1,0,39,Inventário,8280,"Vara da Família, Órfãos, Infância e Juventude da Comarca de Tubarão",4218707,Inventário e Partilha,915
50055983820218240075,2021-05-20T09:17:42.000Z,TJSC,G1,0,156,Cumprimento de sentença,8280,"Vara da Família, Órfãos, Infância e Juventude da Comarca de Tubarão",4218707,Inadimplemento|Honorários Advocatícios em Execução Contra a Fazenda Pública,655
50039202220208240075,2020-04-22T17:48:44.000Z,TJSC,G1,0,39,Inventário,8280,"Vara da Família, Órfãos, Infância e Juventude da Comarca de Tubarão",4218707,Inventário e Partilha,1282
50096429520248240075,2024-07-18T11:15:46.000Z,TJSC,G1,0,39,Inventário,8280,"Vara da Família, Órfãos, Infância e Juventude da Comarca de Tubarão",4218707,Inventário e Partilha,310
50012897120218240075,2021-02-09T15:44:35.000Z,TJSC,G1,0,74,Alvará Judicial - Lei 6858/80,8280,"Vara da Família, Órfãos, Infância e Juventude da Comarca de Tubarão",4218707,Administração de herança,215
50043067620258240075,2025-04-04T15:50:13.000Z,TJSC,G1,0,7,Procedimento Comum Cível,8280,"Vara da Família, Órfãos, Infância e Juventude da Comarca de Tubarão",4218707,Fornecimento de medicamentos,66
50172963620248240075,2024-12-10T18:41:34.000Z,TJSC,G1,0,7,Procedimento Comum Cível,8280,"Vara da Família, Órfãos, Infância e Juventude da Comarca de Tubarão",4218707,Oncológico,111
50000274720258240075,2025-01-04T13:59:56.000Z,TJSC,G1,0,39,Inventário,8280,"Vara da Família, Órfãos, Infância e Juventude da Comarca de Tubarão",4218707,Inventário e Partilha,149
50174858220228240075,2022-12-01T10:19:21.000Z,TJSC,G1,0,156,Cumprimento de sentença,8280,"Vara da Família, Órfãos, Infância e Juventude da Comarca de Tubarão",4218707,Espécies de Títulos de Crédito|Expropriação de Bens,920
50047248220238240075,2023-03-21T16:10:00.000Z,TJSC,G1,0,74,Alvará Judicial - Lei 6858/80,8280,"Vara da Família, Órfãos, Infância e Juventude da Comarca de Tubarão",4218707,Curadoria dos bens do ausente,243
50039326020258240075,2025-03-28T14:39:58.000Z,TJSC,G1,0,10980,Cumprimento Provisório de Decisão,8280,"Vara da Família, Órfãos, Infância e Juventude da Comarca de Tubarão",4218707,Oncológico,73
50103075320208240075,2020-10-06T13:51:59.000Z,TJSC,G1,0,39,Inventário,8280,"Vara da Família, Órfãos, Infância e Juventude da Comarca de Tubarão",4218707,Inventário e Partilha,1386
50034938320248240075,2024-03-22T13:00:02.000Z,TJSC,G1,0,1706,Procedimento Comum Infância e Juventude,8280,"Vara da Família, Órfãos, Infância e Juventude da Comarca de Tubarão",4218707,Consulta,374
50018197520218240075,2021-02-23T15:00:06.000Z,TJSC,G1,0,39,Inventário,8280,"Vara da Família, Órfãos, Infância e Juventude da Comarca de Tubarão",4218707,Inventário e Partilha,471
50208983920228240064,2022-09-28T11:29:11.000Z,TJSC,G1,0,39,Inventário,8280,"Vara da Família, Órfãos, Infância e Juventude da Comarca de Tubarão",4218707,Inventário e Partilha,988
50158936620238240075,2023-10-25T11:54:47.000Z,TJSC,G1,0,30,Arrolamento Comum,8280,"Vara da Família, Órfãos, Infância e Juventude da Comarca de Tubarão",4218707,Inventário e Partilha,593
00107520620138240075,2013-08-29T00:00:00.000Z,TJSC,G1,0,39,Inventário,8280,"Vara da Família, Órfãos, Infância e Juventude da Comarca de Tubarão",4218707,Inventário e Partilha,4268
50005251720238240075,2023-01-18T09:23:23.000Z,TJSC,G1,0,39,Inventário,8280,"Vara da Família, Órfãos, Infância e Juventude da Comarca de Tubarão",4218707,Inventário e Partilha,156
50085014120248240075,2024-06-27T16:17:40.000Z,TJSC,G1,0,7,Procedimento Comum Cível,8280,"Vara da Família, Órfãos, Infância e Juventude da Comarca de Tubarão",4218707,Registrado na ANVISA,349
50000047720208240075,2020-01-02T14:58:10.000Z,TJSC,G1,0,74,Alvará Judicial - Lei 6858/80,8280,"Vara da Família, Órfãos, Infância e Juventude da Comarca de Tubarão",4218707,Capacidade,142
50062141320218240075,2021-06-01T09:49:57.000Z,TJSC,G1,0,156,Cumprimento de sentença,8280,"Vara da Família, Órfãos, Infância e Juventude da Comarca de Tubarão",4218707,Inadimplemento|Sucumbenciais ,384
50118063820218240075,2021-10-01T16:22:19.000Z,TJSC,G1,0,39,Inventário,8280,"Vara da Família, Órfãos, Infância e Juventude da Comarca de Tubarão",4218707,Inventário e Partilha,320
03060973920188240075,2018-11-25T14:13:00.000Z,TJSC,G1,0,39,Inventário,8280,"Vara da Família, Órfãos, Infância e Juventude da Comarca de Tubarão",4218707,Inventário e Partilha,1410
50019294020228240075,2022-02-23T18:12:18.000Z,TJSC,G1,0,39,Inventário,8280,"Vara da Família, Órfãos, Infância e Juventude da Comarca de Tubarão",4218707,Inventário e Partilha,216
50021791020218240075,2021-03-03T17:16:34.000Z,TJSC,G1,0,39,Inventário,8280,"Vara da Família, Órfãos, Infância e Juventude da Comarca de Tubarão",4218707,Inventário e Partilha,628
50119541520228240075,2022-09-30T15:32:07.000Z,TJSC,G1,0,74,Alvará Judicial - Lei 6858/80,8280,"Vara da Família, Órfãos, Infância e Juventude da Comarca de Tubarão",4218707,Capacidade,185
50070553720238240075,2023-05-08T16:43:40.000Z,TJSC,G1,0,74,Alvará Judicial - Lei 6858/80,8280,"Vara da Família, Órfãos, Infância e Juventude da Comarca de Tubarão",4218707,Inventário e Partilha,6
50131470220218240075,2021-11-03T14:38:30.000Z,TJSC,G1,0,74,Alvará Judicial - Lei 6858/80,8280,"Vara da Família, Órfãos, Infância e Juventude da Comarca de Tubarão",4218707,Direitos da Personalidade |Capacidade,692
50038339520228240075,2022-04-04T21:32:49.000Z,TJSC,G1,0,156,Cumprimento de sentença,8280,"Vara da Família, Órfãos, Infância e Juventude da Comarca de Tubarão",4218707,Inadimplemento|Expropriação de Bens,539
50008084020238240075,2023-01-24T10:31:46.000Z,TJSC,G1,0,39,Inventário,8280,"Vara da Família, Órfãos, Infância e Juventude da Comarca de Tubarão",4218707,Inventário e Partilha,246
50066012320248240075,2024-05-22T14:31:31.000Z,TJSC,G1,0,241,Petição Cível,8280,"Vara da Família, Órfãos, Infância e Juventude da Comarca de Tubarão",4218707,Interpretação / Revisão de Contrato,17
50144577220238240075,2023-09-25T21:00:10.000Z,TJSC,G1,0,261,Carta Precatória Cível,8280,"Vara da Família, Órfãos, Infância e Juventude da Comarca de Tubarão",4218707,Espécies de Títulos de Crédito,157
50035466420248240075,2024-03-23T12:27:56.000Z,TJSC,G1,0,12121,Comunicado de Mandado de Prisão,8280,"Vara da Família, Órfãos, Infância e Juventude da Comarca de Tubarão",4218707,Fato Atípico|Alimentos,15
00093156120128240075,2012-08-09T00:00:00.000Z,TJSC,G1,0,39,Inventário,8280,"Vara da Família, Órfãos, Infância e Juventude da Comarca de Tubarão",4218707,Inventário e Partilha,3084
00080049820138240075,2013-07-04T00:00:00.000Z,TJSC,G1,0,39,Inventário,8280,"Vara da Família, Órfãos, Infância e Juventude da Comarca de Tubarão",4218707,Inventário e Partilha,3301
00025287019998240075,1999-04-23T00:00:00.000Z,TJSC,G1,0,12154,Execução de Título Extrajudicial,8280,"Vara da Família, Órfãos, Infância e Juventude da Comarca de Tubarão",4218707,DIREITO CIVIL,8555
00006032420088240075,2008-01-25T00:00:00.000Z,TJSC,G1,0,39,Inventário,8280,"Vara da Família, Órfãos, Infância e Juventude da Comarca de Tubarão",4218707,Inventário e Partilha,4994
00066897420098240075,2009-06-15T00:00:00.000Z,TJSC,G1,0,241,Petição Cível,8280,"Vara da Família, Órfãos, Infância e Juventude da Comarca de Tubarão",4218707,Tratamento Médico-Hospitalar e/ou Fornecimento de Medicamentos|Assistência Judiciária Gratuita|Liminar ,4538
50010783020248240075,2024-02-02T13:31:41.000Z,TJSC,G1,0,48,Sobrepartilha,8280,"Vara da Família, Órfãos, Infância e Juventude da Comarca de Tubarão",4218707,Inventário e Partilha,298
50123510620248240075,2024-09-06T11:11:40.000Z,TJSC,G1,0,39,Inventário,8280,"Vara da Família, Órfãos, Infância e Juventude da Comarca de Tubarão",4218707,Inventário e Partilha,225
50023112820258240075,2025-02-24T11:26:16.000Z,TJSC,G1,0,261,Carta Precatória Cível,8280,"Vara da Família, Órfãos, Infância e Juventude da Comarca de Tubarão",4218707,Capacidade,43
50013822920248240075,2024-02-09T15:35:12.000Z,TJSC,G1,0,74,Alvará Judicial - Lei 6858/80,8280,"Vara da Família, Órfãos, Infância e Juventude da Comarca de Tubarão",4218707,Inventário e Partilha,480
50044037620258240075,2025-04-07T17:18:33.000Z,TJSC,G1,0,39,Inventário,8280,"Vara da Família, Órfãos, Infância e Juventude da Comarca de Tubarão",4218707,Inventário e Partilha,51
50134570320248240075,2024-09-26T20:16:46.000Z,TJSC,G1,0,156,Cumprimento de sentença,8280,"Vara da Família, Órfãos, Infância e Juventude da Comarca de Tubarão",4218707,Partilha|Expropriação de Bens,249
50112884320248240075,2024-08-19T21:26:24.000Z,TJSC,G1,0,12246,Cumprimento de Sentença de Obrigação de Prestar Alimentos,8280,"Vara da Família, Órfãos, Infância e Juventude da Comarca de Tubarão",4218707,Alimentos|Alimentos,176
50046454520198240075,2019-11-21T11:23:16.000Z,TJSC,G1,0,39,Inventário,8280,"Vara da Família, Órfãos, Infância e Juventude da Comarca de Tubarão",4218707,Inventário e Partilha,1166
00045685919988240075,1998-06-29T00:00:00.000Z,TJSC,G1,0,39,Inventário,8280,"Vara da Família, Órfãos, Infância e Juventude da Comarca de Tubarão",4218707,DIREITO CIVIL,9817
50065955520208240075,2020-07-06T11:31:23.000Z,TJSC,G1,0,1294,Outros procedimentos de jurisdição voluntária,8280,"Vara da Família, Órfãos, Infância e Juventude da Comarca de Tubarão",4218707,Capacidade,730
50004980520218240075,2021-01-18T21:40:15.000Z,TJSC,G1,0,74,Alvará Judicial - Lei 6858/80,8280,"Vara da Família, Órfãos, Infância e Juventude da Comarca de Tubarão",4218707,Petição de Herança,325
50018197520218240075,2021-02-23T15:00:06.000Z,TJSC,G1,0,39,Inventário,8280,"Vara da Família, Órfãos, Infância e Juventude da Comarca de Tubarão",4218707,Inventário e Partilha,471
50095770820218240075,2021-08-12T13:04:22.000Z,TJSC,G1,0,111,Habilitação de Crédito,8280,"Vara da Família, Órfãos, Infância e Juventude da Comarca de Tubarão",4218707,Inadimplemento,295
50038847220238240075,2023-03-06T22:54:42.000Z,TJSC,G1,0,156,Cumprimento de sentença,8280,"Vara da Família, Órfãos, Infância e Juventude da Comarca de Tubarão",4218707,Capacidade,98
50045310420228240075,2022-04-18T15:46:39.000Z,TJSC,G1,0,39,Inventário,8280,"Vara da Família, Órfãos, Infância e Juventude da Comarca de Tubarão",4218707,Inventário e Partilha,421
50127374120218240075,2021-10-22T19:19:00.000Z,TJSC,G1,0,30,Arrolamento Comum,8280,"Vara da Família, Órfãos, Infância e Juventude da Comarca de Tubarão",4218707,Inventário e Partilha,643
03040549520198240075,2019-08-14T15:54:30.000Z,TJSC,G1,0,39,Inventário,8280,"Vara da Família, Órfãos, Infância e Juventude da Comarca de Tubarão",4218707,Inventário e Partilha,915
50017888420238240075,2023-02-07T16:44:22.000Z,TJSC,G1,0,74,Alvará Judicial - Lei 6858/80,8280,"Vara da Família, Órfãos, Infância e Juventude da Comarca de Tubarão",4218707,Capacidade,184
50137397520238240075,2023-09-11T18:00:49.000Z,TJSC,G1,0,326,Restituição de Coisas Apreendidas,8280,"Vara da Família, Órfãos, Infância e Juventude da Comarca de Tubarão",4218707,Tráfico de Drogas e Condutas Afins|Restituição de Coisas Apreendidas,45
50062407420228240075,2022-05-27T16:29:24.000Z,TJSC,G1,0,39,Inventário,8280,"Vara da Família, Órfãos, Infância e Juventude da Comarca de Tubarão",4218707,Inventário e Partilha,654
50078735220248240075,2024-06-18T08:45:01.000Z,TJSC,G1,0,1706,Procedimento Comum Infância e Juventude,8280,"Vara da Família, Órfãos, Infância e Juventude da Comarca de Tubarão",4218707,Leito de enfermaria / leito oncológico,34
00078667820068240075,2006-08-10T00:00:00.000Z,TJSC,G1,0,39,Inventário,8280,"Vara da Família, Órfãos, Infância e Juventude da Comarca de Tubarão",4218707,Inventário e Partilha,5530
50000361420228240075,2022-01-04T17:52:18.000Z,TJSC,G1,0,39,Inventário,8280,"Vara da Família, Órfãos, Infância e Juventude da Comarca de Tubarão",4218707,Inventário e Partilha,968
50165171820238240075,2023-11-09T09:19:04.000Z,TJSC,G1,0,39,Inventário,8280,"Vara da Família, Órfãos, Infância e Juventude da Comarca de Tubarão",4218707,Inventário e Partilha,432
50048914120198240075,2019-11-27T16:27:13.000Z,TJSC,G1,0,39,Inventário,8280,"Vara da Família, Órfãos, Infância e Juventude da Comarca de Tubarão",4218707,Inventário e Partilha,1942
50105393120218240075,2021-09-02T16:07:49.000Z,TJSC,G1,0,156,Cumprimento de sentença,8280,"Vara da Família, Órfãos, Infância e Juventude da Comarca de Tubarão",4218707,Capacidade,1321
50108338320218240075,2021-09-09T20:50:33.000Z,TJSC,G1,0,39,Inventário,8280,"Vara da Família, Órfãos, Infância e Juventude da Comarca de Tubarão",4218707,Inventário e Partilha,1327
50134212920228240075,2022-10-28T15:55:38.000Z,TJSC,G1,0,39,Inventário,8280,"Vara da Família, Órfãos, Infância e Juventude da Comarca de Tubarão",4218707,Inventário e Partilha,885
00072476120008240075,2000-09-20T00:00:00.000Z,TJSC,G1,0,39,Inventário,8280,"Vara da Família, Órfãos, Infância e Juventude da Comarca de Tubarão",4218707,DIREITO CIVIL,8984
50170357120248240075,2024-12-05T15:06:00.000Z,TJSC,G1,0,234,Remoção de Inventariante,8280,"Vara da Família, Órfãos, Infância e Juventude da Comarca de Tubarão",4218707,Inventário e Partilha,149
50062926520258240075,2025-05-16T17:42:49.000Z,TJSC,G1,0,1706,Procedimento Comum Infância e Juventude,8280,"Vara da Família, Órfãos, Infância e Juventude da Comarca de Tubarão",4218707,Ausência de Vaga,25
00041903020038240075,2003-05-30T00:00:00.000Z,TJSC,G1,0,12372,Divórcio Consensual,8280,"Vara da Família, Órfãos, Infância e Juventude da Comarca de Tubarão",4218707,DIREITO CIVIL,8038
50027805020208240075,2020-03-16T15:38:29.000Z,TJSC,G1,0,48,Sobrepartilha,8280,"Vara da Família, Órfãos, Infância e Juventude da Comarca de Tubarão",4218707,Inventário e Partilha,398
50123506020208240075,2020-11-25T00:06:20.000Z,TJSC,G1,0,39,Inventário,8280,"Vara da Família, Órfãos, Infância e Juventude da Comarca de Tubarão",4218707,Inventário e Partilha,806
50071767020208240075,2020-07-17T14:46:11.000Z,TJSC,G1,0,39,Inventário,8280,"Vara da Família, Órfãos, Infância e Juventude da Comarca de Tubarão",4218707,Inventário e Partilha,950
50117694520208240075,2020-11-10T16:11:56.000Z,TJSC,G1,0,74,Alvará Judicial - Lei 6858/80,8280,"Vara da Família, Órfãos, Infância e Juventude da Comarca de Tubarão",4218707,Capacidade,380
50022519420218240075,2021-03-04T17:51:16.000Z,TJSC,G1,0,39,Inventário,8280,"Vara da Família, Órfãos, Infância e Juventude da Comarca de Tubarão",4218707,Inventário e Partilha,627
50041298820208240075,2020-04-29T10:52:52.000Z,TJSC,G1,0,39,Inventário,8280,"Vara da Família, Órfãos, Infância e Juventude da Comarca de Tubarão",4218707,Inventário e Partilha,215
50149530420238240075,2023-10-04T17:45:26.000Z,TJSC,G1,0,156,Cumprimento de sentença,8280,"Vara da Família, Órfãos, Infância e Juventude da Comarca de Tubarão",4218707,Inadimplemento|Multa por Agravo Inadmissível ou Infundado |Expropriação de Bens,616
50029049120248240075,2024-03-12T16:16:46.000Z,TJSC,G1,0,156,Cumprimento de sentença,8280,"Vara da Família, Órfãos, Infância e Juventude da Comarca de Tubarão",4218707,Pagamento|Sucumbenciais |Expropriação de Bens,352
50159569120238240075,2023-10-26T13:21:31.000Z,TJSC,G1,0,234,Remoção de Inventariante,8280,"Vara da Família, Órfãos, Infância e Juventude da Comarca de Tubarão",4218707,Inventário e Partilha,445
00010773420048240075,2004-02-11T00:00:00.000Z,TJSC,G1,0,39,Inventário,8280,"Vara da Família, Órfãos, Infância e Juventude da Comarca de Tubarão",4218707,Inventário e Partilha|Usufruto e Administração dos Bens de Filhos Menores,7743
03060973920188240075,2018-11-25T14:13:00.000Z,TJSC,G1,0,39,Inventário,8280,"Vara da Família, Órfãos, Infância e Juventude da Comarca de Tubarão",4218707,Inventário e Partilha,1410
50054115920238240075,2023-04-03T22:59:33.000Z,TJSC,G1,0,156,Cumprimento de sentença,8280,"Vara da Família, Órfãos, Infância e Juventude da Comarca de Tubarão",4218707,Espécies de Títulos de Crédito|Multa por Descumprimento de Ordem Judicial |Expropriação de Bens,738
50101590320248240075,2024-07-29T11:13:45.000Z,TJSC,G1,0,156,Cumprimento de sentença,8280,"Vara da Família, Órfãos, Infância e Juventude da Comarca de Tubarão",4218707,Compromisso|Sucumbenciais |Expropriação de Bens,291
50148895720248240075,2024-10-24T09:26:30.000Z,TJSC,G1,0,156,Cumprimento de sentença,8280,"Vara da Família, Órfãos, Infância e Juventude da Comarca de Tubarão",4218707,Adimplemento e Extinção|Expropriação de Bens,215
50033209320238240075,2023-02-22T16:43:55.000Z,TJSC,G1,0,234,Remoção de Inventariante,8280,"Vara da Família, Órfãos, Infância e Juventude da Comarca de Tubarão",4218707,Inventário e Partilha,76
50061872520248240075,2024-05-14T16:31:16.000Z,TJSC,G1,0,7,Procedimento Comum Cível,8280,"Vara da Família, Órfãos, Infância e Juventude da Comarca de Tubarão",4218707,Registrado na ANVISA,387
50036996320258240075,2025-03-24T17:11:28.000Z,TJSC,G1,0,156,Cumprimento de sentença,8280,"Vara da Família, Órfãos, Infância e Juventude da Comarca de Tubarão",4218707,Inadimplemento,82
50138705020238240075,2023-09-13T17:19:08.000Z,TJSC,G1,0,7,Procedimento Comum Cível,8280,"Vara da Família, Órfãos, Infância e Juventude da Comarca de Tubarão",4218707,Registrado na ANVISA,635
50119541520228240075,2022-09-30T15:32:07.000Z,TJSC,G1,0,74,Alvará Judicial - Lei 6858/80,8280,"Vara da Família, Órfãos, Infância e Juventude da Comarca de Tubarão",4218707,Capacidade,185
50021923120248240163,2024-10-08T18:50:42.000Z,TJSC,G1,0,65,Ação Civil Pública,8280,"Vara da Família, Órfãos, Infância e Juventude da Comarca de Tubarão",4218707,Pessoa Idosa,247
50131470220218240075,2021-11-03T14:38:30.000Z,TJSC,G1,0,74,Alvará Judicial - Lei 6858/80,8280,"Vara da Família, Órfãos, Infância e Juventude da Comarca de Tubarão",4218707,Direitos da Personalidade |Capacidade,692
50045310420228240075,2022-04-18T15:46:39.000Z,TJSC,G1,0,39,Inventário,8280,"Vara da Família, Órfãos, Infância e Juventude da Comarca de Tubarão",4218707,Inventário e Partilha,421
50164164420248240075,2024-11-22T22:00:45.000Z,TJSC,G1,0,12135,Tutela Antecipada Antecedente,8280,"Vara da Família, Órfãos, Infância e Juventude da Comarca de Tubarão",4218707,Sem registro na ANVISA,171
00031608620058240075,2005-04-13T00:00:00.000Z,TJSC,G1,0,48,Sobrepartilha,8280,"Vara da Família, Órfãos, Infância e Juventude da Comarca de Tubarão",4218707,Inventário e Partilha,5611
00042263320078240075,2007-05-09T00:00:00.000Z,TJSC,G1,0,7,Procedimento Comum Cível,8280,"Vara da Família, Órfãos, Infância e Juventude da Comarca de Tubarão",4218707,Dissolução|DIREITO CIVIL,6609
50008469120198240075,2019-08-01T17:58:27.000Z,TJSC,G1,0,12246,Cumprimento de Sentença de Obrigação de Prestar Alimentos,8280,"Vara da Família, Órfãos, Infância e Juventude da Comarca de Tubarão",4218707,Prisão Civil|Alimentos|Alimentos,217
50012934520208240075,2020-02-06T18:02:34.000Z,TJSC,JE,0,156,Cumprimento de sentença,8280,"Vara da Família, Órfãos, Infância e Juventude da Comarca de Tubarão",4218707,Adimplemento e Extinção|Valor da Execução / Cálculo / Atualização,251
50093687320208240075,2020-09-10T18:26:27.000Z,TJSC,G1,0,39,Inventário,8280,"Vara da Família, Órfãos, Infância e Juventude da Comarca de Tubarão",4218707,Inventário e Partilha,616
50095566620208240075,2020-09-17T11:58:16.000Z,TJSC,G1,0,39,Inventário,8280,"Vara da Família, Órfãos, Infância e Juventude da Comarca de Tubarão",4218707,Inventário e Partilha,294
50100710420208240075,2020-09-30T11:12:34.000Z,TJSC,JE,0,157,Cumprimento Provisório de Sentença,8280,"Vara da Família, Órfãos, Infância e Juventude da Comarca de Tubarão",4218707,Espécies de Títulos de Crédito|Sucumbência ,201
50123099320208240075,2020-11-24T11:02:28.000Z,TJSC,G1,0,74,Alvará Judicial - Lei 6858/80,8280,"Vara da Família, Órfãos, Infância e Juventude da Comarca de Tubarão",4218707,Capacidade,595
50097616120218240075,2021-08-17T10:34:54.000Z,TJSC,JE,0,156,Cumprimento de sentença,8280,"Vara da Família, Órfãos, Infância e Juventude da Comarca de Tubarão",4218707,Espécies de Títulos de Crédito|Honorários Advocatícios em FGTS ,370
50081524320218240075,2021-07-13T22:59:52.000Z,TJSC,G1,0,39,Inventário,8280,"Vara da Família, Órfãos, Infância e Juventude da Comarca de Tubarão",4218707,Inventário e Partilha,492
50150957620218240075,2021-12-15T14:38:45.000Z,TJSC,G1,0,241,Petição Cível,8280,"Vara da Família, Órfãos, Infância e Juventude da Comarca de Tubarão",4218707,Capacidade|Assistência Judiciária Gratuita,419
50087546320238240075,2023-06-09T10:29:51.000Z,TJSC,G1,0,12121,Comunicado de Mandado de Prisão,8280,"Vara da Família, Órfãos, Infância e Juventude da Comarca de Tubarão",4218707,Fato Atípico,31
50030299820208240075,2020-03-24T15:15:34.000Z,TJSC,G1,0,39,Inventário,8280,"Vara da Família, Órfãos, Infância e Juventude da Comarca de Tubarão",4218707,Inventário e Partilha,1283
50078521320238240075,2023-05-23T17:53:03.000Z,TJSC,G1,0,156,Cumprimento de sentença,8280,"Vara da Família, Órfãos, Infância e Juventude da Comarca de Tubarão",4218707,Prestação de Serviços,113
50133598620228240075,2022-10-27T16:39:59.000Z,TJSC,G1,0,74,Alvará Judicial - Lei 6858/80,8280,"Vara da Família, Órfãos, Infância e Juventude da Comarca de Tubarão",4218707,Inventário e Partilha|Levantamento de Valor,377
50018448820218240075,2021-02-23T17:09:08.000Z,TJSC,G1,0,39,Inventário,8280,"Vara da Família, Órfãos, Infância e Juventude da Comarca de Tubarão",4218707,Inventário e Partilha,1112
50058336820228240075,2022-05-18T13:15:54.000Z,TJSC,G1,0,156,Cumprimento de sentença,8280,"Vara da Família, Órfãos, Infância e Juventude da Comarca de Tubarão",4218707,Pagamento|Expropriação de Bens|Sucumbenciais ,676
50138040720228240075,2022-11-08T18:19:44.000Z,TJSC,G1,0,39,Inventário,8280,"Vara da Família, Órfãos, Infância e Juventude da Comarca de Tubarão",4218707,Inventário e Partilha,537
03008692520148240075,2014-02-26T11:51:13.000Z,TJSC,G1,0,39,Inventário,8280,"Vara da Família, Órfãos, Infância e Juventude da Comarca de Tubarão",4218707,Inventário e Partilha,3611
03060544420148240075,2014-11-17T11:53:19.000Z,TJSC,G1,0,39,Inventário,8280,"Vara da Família, Órfãos, Infância e Juventude da Comarca de Tubarão",4218707,Inventário e Partilha|Assistência Judiciária Gratuita,3436
00034732819978240075,1997-08-18T00:00:00.000Z,TJSC,G1,0,30,Arrolamento Comum,8280,"Vara da Família, Órfãos, Infância e Juventude da Comarca de Tubarão",4218707,Inventário e Partilha,8809
00077784020068240075,2006-08-08T00:00:00.000Z,TJSC,G1,0,39,Inventário,8280,"Vara da Família, Órfãos, Infância e Juventude da Comarca de Tubarão",4218707,Inventário e Partilha,5532
00087483520098240075,2009-07-23T00:00:00.000Z,TJSC,G1,0,39,Inventário,8280,"Vara da Família, Órfãos, Infância e Juventude da Comarca de Tubarão",4218707,Inventário e Partilha|Assistência Judiciária Gratuita,4507
00142080320098240075,2009-11-26T00:00:00.000Z,TJSC,G1,0,30,Arrolamento Comum,8280,"Vara da Família, Órfãos, Infância e Juventude da Comarca de Tubarão",4218707,Inventário e Partilha|Assistência Judiciária Gratuita,4389
50057473420218240075,2021-05-24T14:58:58.000Z,TJSC,G1,0,156,Cumprimento de sentença,8280,"Vara da Família, Órfãos, Infância e Juventude da Comarca de Tubarão",4218707,Inadimplemento|Sucumbenciais |Expropriação de Bens,1249
50054771020218240075,2021-05-17T18:31:42.000Z,TJSC,G1,0,39,Inventário,8280,"Vara da Família, Órfãos, Infância e Juventude da Comarca de Tubarão",4218707,Inventário e Partilha,1395
50166644420238240075,2023-11-13T16:22:47.000Z,TJSC,G1,0,1294,Outros procedimentos de jurisdição voluntária,8280,"Vara da Família, Órfãos, Infância e Juventude da Comarca de Tubarão",4218707,Capacidade|Curatela,485
00088537520108240075,2010-08-11T00:00:00.000Z,TJSC,G1,0,39,Inventário,8280,"Vara da Família, Órfãos, Infância e Juventude da Comarca de Tubarão",4218707,Inventário e Partilha|Assistência Judiciária Gratuita,5333
50060175320248240075,2024-05-10T13:38:02.000Z,TJSC,G1,0,39,Inventário,8280,"Vara da Família, Órfãos, Infância e Juventude da Comarca de Tubarão",4218707,Inventário e Partilha,336
03044776020168240075,2016-08-01T14:15:56.000Z,TJSC,G1,0,39,Inventário,8280,"Vara da Família, Órfãos, Infância e Juventude da Comarca de Tubarão",4218707,Inventário e Partilha,3224
50051286520258240075,2025-04-23T17:25:42.000Z,TJSC,G1,0,74,Alvará Judicial - Lei 6858/80,8280,"Vara da Família, Órfãos, Infância e Juventude da Comarca de Tubarão",4218707,Capacidade,25
50063576020258240075,2025-05-19T15:09:42.000Z,TJSC,G1,0,7,Procedimento Comum Cível,8280,"Vara da Família, Órfãos, Infância e Juventude da Comarca de Tubarão",4218707,Oncológico,22
50012934520208240075,2020-02-06T18:02:34.000Z,TJSC,JE,0,156,Cumprimento de sentença,8280,"Vara da Família, Órfãos, Infância e Juventude da Comarca de Tubarão",4218707,Adimplemento e Extinção|Valor da Execução / Cálculo / Atualização,251
50134695620208240075,2020-12-18T18:34:52.000Z,TJSC,G1,0,39,Inventário,8280,"Vara da Família, Órfãos, Infância e Juventude da Comarca de Tubarão",4218707,Inventário e Partilha,509
50079852620218240075,2021-07-09T14:40:08.000Z,TJSC,G1,0,111,Habilitação de Crédito,8280,"Vara da Família, Órfãos, Infância e Juventude da Comarca de Tubarão",4218707,Inadimplemento,161
50175507720228240075,2022-12-02T10:10:31.000Z,TJSC,G1,0,74,Alvará Judicial - Lei 6858/80,8280,"Vara da Família, Órfãos, Infância e Juventude da Comarca de Tubarão",4218707,Administração de herança,132
50073986720228240075,2022-06-22T11:30:53.000Z,TJSC,G1,0,74,Alvará Judicial - Lei 6858/80,8280,"Vara da Família, Órfãos, Infância e Juventude da Comarca de Tubarão",4218707,Inventário e Partilha,264
50033832620208240075,2020-04-03T20:38:33.000Z,TJSC,G1,0,39,Inventário,8280,"Vara da Família, Órfãos, Infância e Juventude da Comarca de Tubarão",4218707,Inventário e Partilha,220
50057306120228240075,2022-05-16T13:42:43.000Z,TJSC,G1,0,74,Alvará Judicial - Lei 6858/80,8280,"Vara da Família, Órfãos, Infância e Juventude da Comarca de Tubarão",4218707,Capacidade,136
50092024120208240075,2020-09-05T18:56:06.000Z,TJSC,G1,0,39,Inventário,8280,"Vara da Família, Órfãos, Infância e Juventude da Comarca de Tubarão",4218707,Inventário e Partilha,550
50079469220228240075,2022-07-04T14:05:03.000Z,TJSC,G1,0,156,Cumprimento de sentença,8280,"Vara da Família, Órfãos, Infância e Juventude da Comarca de Tubarão",4218707,Indenização por Dano Material|Sucumbenciais |Expropriação de Bens,161
50124085820238240075,2023-08-18T14:43:57.000Z,TJSC,G1,0,261,Carta Precatória Cível,8280,"Vara da Família, Órfãos, Infância e Juventude da Comarca de Tubarão",4218707,Inadimplemento|Alimentos|Intimação,614
50088212820238240075,2023-06-12T14:39:16.000Z,TJSC,G1,0,39,Inventário,8280,"Vara da Família, Órfãos, Infância e Juventude da Comarca de Tubarão",4218707,Inventário e Partilha|Capacidade,729
50083394620248240075,2024-06-25T16:32:53.000Z,TJSC,G1,0,74,Alvará Judicial - Lei 6858/80,8280,"Vara da Família, Órfãos, Infância e Juventude da Comarca de Tubarão",4218707,Administração de herança,252
50069494120248240075,2024-05-29T11:57:31.000Z,TJSC,G1,0,7,Procedimento Comum Cível,8280,"Vara da Família, Órfãos, Infância e Juventude da Comarca de Tubarão",4218707,Fornecimento de medicamentos,330
50114671620208240075,2020-10-30T21:26:09.000Z,TJSC,G1,0,39,Inventário,8280,"Vara da Família, Órfãos, Infância e Juventude da Comarca de Tubarão",4218707,Inventário e Partilha,1674
50095136120228240075,2022-08-03T15:47:01.000Z,TJSC,G1,0,74,Alvará Judicial - Lei 6858/80,8280,"Vara da Família, Órfãos, Infância e Juventude da Comarca de Tubarão",4218707,Capacidade,324
50053255420248240075,2024-04-25T16:45:54.000Z,TJSC,G1,0,156,Cumprimento de sentença,8280,"Vara da Família, Órfãos, Infância e Juventude da Comarca de Tubarão",4218707,Alimentos|Sucumbenciais ,393
50036562920258240075,2025-03-24T13:05:02.000Z,TJSC,G1,0,241,Petição Cível,8280,"Vara da Família, Órfãos, Infância e Juventude da Comarca de Tubarão",4218707,Fornecimento de medicamentos,59
50045717820258240075,2025-04-10T11:42:20.000Z,TJSC,G1,0,39,Inventário,8280,"Vara da Família, Órfãos, Infância e Juventude da Comarca de Tubarão",4218707,Inventário e Partilha|Petição de Herança,54
50179078620248240075,2024-12-19T19:36:59.000Z,TJSC,G1,0,11794,Restituição de Coisas Apreendidas Infracional,8280,"Vara da Família, Órfãos, Infância e Juventude da Comarca de Tubarão",4218707,Tráfico de Drogas e Condutas Afins,159
03038530620198240075,2019-07-12T10:54:12.000Z,TJSC,G1,0,1294,Outros procedimentos de jurisdição voluntária,8280,"Vara da Família, Órfãos, Infância e Juventude da Comarca de Tubarão",4218707,Atos Processuais,297
00008121319968240075,1996-05-30T00:00:00.000Z,TJSC,G1,0,39,Inventário,8280,"Vara da Família, Órfãos, Infância e Juventude da Comarca de Tubarão",4218707,Erro de Procedimento,8939
50029383220258240075,2025-03-10T17:56:39.000Z,TJSC,G1,0,7,Procedimento Comum Cível,8280,"Vara da Família, Órfãos, Infância e Juventude da Comarca de Tubarão",4218707,Fornecimento de medicamentos,65
03027413620188240075,2018-06-05T10:32:03.000Z,TJSC,G1,0,30,Arrolamento Comum,8280,"Vara da Família, Órfãos, Infância e Juventude da Comarca de Tubarão",4218707,Inventário e Partilha,2486
50120973320248240075,2024-09-02T15:52:04.000Z,TJSC,G1,0,156,Cumprimento de sentença,8280,"Vara da Família, Órfãos, Infância e Juventude da Comarca de Tubarão",4218707,Partilha|Expropriação de Bens,280
03048274820168240075,2016-08-18T15:42:57.000Z,TJSC,G1,0,39,Inventário,8280,"Vara da Família, Órfãos, Infância e Juventude da Comarca de Tubarão",4218707,Sucessões|Erro de Procedimento,3189
50019294020228240075,2022-02-23T18:12:18.000Z,TJSC,G1,0,39,Inventário,8280,"Vara da Família, Órfãos, Infância e Juventude da Comarca de Tubarão",4218707,Inventário e Partilha,216
50121389720248240075,2024-09-03T11:50:15.000Z,TJSC,G1,0,39,Inventário,8280,"Vara da Família, Órfãos, Infância e Juventude da Comarca de Tubarão",4218707,Inventário e Partilha,233
50029127620248240040,2024-05-21T16:11:06.000Z,TJSC,G1,0,156,Cumprimento de sentença,8280,"Vara da Família, Órfãos, Infância e Juventude da Comarca de Tubarão",4218707,Alimentos|Sucumbenciais |Expropriação de Bens,389
50087546320238240075,2023-06-09T10:29:51.000Z,TJSC,G1,0,12121,Comunicado de Mandado de Prisão,8280,"Vara da Família, Órfãos, Infância e Juventude da Comarca de Tubarão",4218707,Fato Atípico,31
50000993420258240075,2025-01-07T18:03:12.000Z,TJSC,G1,0,234,Remoção de Inventariante,8280,"Vara da Família, Órfãos, Infância e Juventude da Comarca de Tubarão",4218707,Inventário e Partilha,117
00034757020128240075,2012-03-29T00:00:00.000Z,TJSC,G1,0,39,Inventário,8280,"Vara da Família, Órfãos, Infância e Juventude da Comarca de Tubarão",4218707,Inventário e Partilha,4735
50005895620258240075,2025-01-20T15:15:02.000Z,TJSC,G1,0,7,Procedimento Comum Cível,8280,"Vara da Família, Órfãos, Infância e Juventude da Comarca de Tubarão",4218707,Tratamento médico-hospitalar,70
50044490220248240075,2024-04-09T16:41:42.000Z,TJSC,G1,0,69,Alimentos - Lei Especial Nº 5.478/68,8280,"Vara da Família, Órfãos, Infância e Juventude da Comarca de Tubarão",4218707,Revisão,423
50011894820238240075,2023-01-31T18:19:17.000Z,TJSC,G1,0,39,Inventário,8280,"Vara da Família, Órfãos, Infância e Juventude da Comarca de Tubarão",4218707,Inventário e Partilha,296
50104527020248240075,2024-08-02T15:16:14.000Z,TJSC,G1,0,241,Petição Cível,8280,"Vara da Família, Órfãos, Infância e Juventude da Comarca de Tubarão",4218707,Inventário e Partilha,300
50118063820218240075,2021-10-01T16:22:19.000Z,TJSC,G1,0,39,Inventário,8280,"Vara da Família, Órfãos, Infância e Juventude da Comarca de Tubarão",4218707,Inventário e Partilha,320
50005393520228240075,2022-01-23T16:18:55.000Z,TJSC,G1,0,39,Inventário,8280,"Vara da Família, Órfãos, Infância e Juventude da Comarca de Tubarão",4218707,Inventário e Partilha,1208
50050848020248240075,2024-04-22T12:31:54.000Z,TJSC,G1,0,156,Cumprimento de sentença,8280,"Vara da Família, Órfãos, Infância e Juventude da Comarca de Tubarão",4218707,Espécies de Títulos de Crédito|Sucumbenciais |Expropriação de Bens,330
50114261520218240075,2021-09-23T17:29:24.000Z,TJSC,G1,0,156,Cumprimento de sentença,8280,"Vara da Família, Órfãos, Infância e Juventude da Comarca de Tubarão",4218707,Espécies de Títulos de Crédito|Honorários Advocatícios em FGTS ,371
50096091320218240075,2021-08-12T17:44:07.000Z,TJSC,G1,0,7,Procedimento Comum Cível,8280,"Vara da Família, Órfãos, Infância e Juventude da Comarca de Tubarão",4218707,Capacidade,346
50016557120258240075,2025-02-11T11:36:16.000Z,TJSC,G1,0,1691,Mandado de Segurança Infância e Juventude Cível,8280,"Vara da Família, Órfãos, Infância e Juventude da Comarca de Tubarão",4218707,Corte Etário,106
50120306820248240075,2024-08-30T16:24:31.000Z,TJSC,G1,0,37,Embargos de Terceiro Cível,8280,"Vara da Família, Órfãos, Infância e Juventude da Comarca de Tubarão",4218707,Reivindicação,199
00097322920038240075,2003-11-26T00:00:00.000Z,TJSC,G1,0,30,Arrolamento Comum,8280,"Vara da Família, Órfãos, Infância e Juventude da Comarca de Tubarão",4218707,DIREITO CIVIL,7791
50137397520238240075,2023-09-11T18:00:49.000Z,TJSC,G1,0,326,Restituição de Coisas Apreendidas,8280,"Vara da Família, Órfãos, Infância e Juventude da Comarca de Tubarão",4218707,Tráfico de Drogas e Condutas Afins|Restituição de Coisas Apreendidas,45
50041298820208240075,2020-04-29T10:52:52.000Z,TJSC,G1,0,39,Inventário,8280,"Vara da Família, Órfãos, Infância e Juventude da Comarca de Tubarão",4218707,Inventário e Partilha,215
50094215420208240075,2020-09-11T22:51:23.000Z,TJSC,G1,0,156,Cumprimento de sentença,8280,"Vara da Família, Órfãos, Infância e Juventude da Comarca de Tubarão",4218707,Tratamento médico-hospitalar|Honorários Advocatícios em Execução Contra a Fazenda Pública,438
50103075320208240075,2020-10-06T13:51:59.000Z,TJSC,G1,0,39,Inventário,8280,"Vara da Família, Órfãos, Infância e Juventude da Comarca de Tubarão",4218707,Inventário e Partilha,644
50012698020218240075,2021-02-08T22:18:38.000Z,TJSC,G1,0,39,Inventário,8280,"Vara da Família, Órfãos, Infância e Juventude da Comarca de Tubarão",4218707,Inventário e Partilha,374
50079757920218240075,2021-07-09T13:43:18.000Z,TJSC,G1,0,30,Arrolamento Comum,8280,"Vara da Família, Órfãos, Infância e Juventude da Comarca de Tubarão",4218707,Inventário e Partilha|Petição de Herança,495
50055983820218240075,2021-05-20T09:17:42.000Z,TJSC,G1,0,156,Cumprimento de sentença,8280,"Vara da Família, Órfãos, Infância e Juventude da Comarca de Tubarão",4218707,Inadimplemento|Honorários Advocatícios em Execução Contra a Fazenda Pública,655
50069904220238240075,2023-05-05T18:15:43.000Z,TJSC,G1,0,1294,Outros procedimentos de jurisdição voluntária,8280,"Vara da Família, Órfãos, Infância e Juventude da Comarca de Tubarão",4218707,Internação voluntária|Capacidade,81
50024606320218240075,2021-03-10T11:43:17.000Z,TJSC,G1,0,39,Inventário,8280,"Vara da Família, Órfãos, Infância e Juventude da Comarca de Tubarão",4218707,Inventário e Partilha,902
50011894820238240075,2023-01-31T18:19:17.000Z,TJSC,G1,0,39,Inventário,8280,"Vara da Família, Órfãos, Infância e Juventude da Comarca de Tubarão",4218707,Inventário e Partilha,296
50055914620218240075,2021-05-19T18:47:24.000Z,TJSC,G1,0,39,Inventário,8280,"Vara da Família, Órfãos, Infância e Juventude da Comarca de Tubarão",4218707,Inventário e Partilha,1037
50174900720228240075,2022-12-01T12:10:01.000Z,TJSC,G1,0,151,Liquidação por Arbitramento,8280,"Vara da Família, Órfãos, Infância e Juventude da Comarca de Tubarão",4218707,Pagamento,480
50099977620228240075,2022-08-15T14:53:44.000Z,TJSC,G1,0,74,Alvará Judicial - Lei 6858/80,8280,"Vara da Família, Órfãos, Infância e Juventude da Comarca de Tubarão",4218707,Capacidade,651
00010102119948240075,1994-04-06T00:00:00.000Z,TJSC,G1,0,39,Inventário,8280,"Vara da Família, Órfãos, Infância e Juventude da Comarca de Tubarão",4218707,Inventário e Partilha,10907
00101171619998240075,1999-12-21T00:00:00.000Z,TJSC,G1,0,39,Inventário,8280,"Vara da Família, Órfãos, Infância e Juventude da Comarca de Tubarão",4218707,Inventário e Partilha,7947
00065201019978240075,1997-04-16T00:00:00.000Z,TJSC,G1,0,30,Arrolamento Comum,8280,"Vara da Família, Órfãos, Infância e Juventude da Comarca de Tubarão",4218707,Inventário e Partilha,9697
50042256420248240075,2024-04-04T14:49:48.000Z,TJSC,G1,0,1706,Procedimento Comum Infância e Juventude,8280,"Vara da Família, Órfãos, Infância e Juventude da Comarca de Tubarão",4218707,Não padronizado,131
50158708620248240075,2024-11-12T14:32:30.000Z,TJSC,G1,0,7,Procedimento Comum Cível,8280,"Vara da Família, Órfãos, Infância e Juventude da Comarca de Tubarão",4218707,Reajuste contratual,2
50065773320248240030,2024-12-07T20:44:15.000Z,TJSC,G1,0,12121,Comunicado de Mandado de Prisão,8280,"Vara da Família, Órfãos, Infância e Juventude da Comarca de Tubarão",4218707,Fato Atípico,5
50099616320248240075,2024-07-24T16:20:37.000Z,TJSC,G1,0,39,Inventário,8280,"Vara da Família, Órfãos, Infância e Juventude da Comarca de Tubarão",4218707,Inventário e Partilha,210
50029833620258240075,2025-03-11T14:12:38.000Z,TJSC,G1,0,74,Alvará Judicial - Lei 6858/80,8280,"Vara da Família, Órfãos, Infância e Juventude da Comarca de Tubarão",4218707,,10
50131805520228240075,2022-10-24T18:53:44.000Z,TJSC,G1,0,39,Inventário,8280,"Vara da Família, Órfãos, Infância e Juventude da Comarca de Tubarão",4218707,Inventário e Partilha,944
50008300620208240075,2020-01-29T14:23:00.000Z,TJSC,G1,0,39,Inventário,8280,"Vara da Família, Órfãos, Infância e Juventude da Comarca de Tubarão",4218707,Inventário e Partilha,411
50030403020208240075,2020-03-24T17:16:18.000Z,TJSC,G1,0,39,Inventário,8280,"Vara da Família, Órfãos, Infância e Juventude da Comarca de Tubarão",4218707,Inventário e Partilha,441
50095566620208240075,2020-09-17T11:58:16.000Z,TJSC,G1,0,39,Inventário,8280,"Vara da Família, Órfãos, Infância e Juventude da Comarca de Tubarão",4218707,Inventário e Partilha,294
